county,year,avg_temp_f,humidity_pct,wind_mph,precip_in,veg_density,elevation_ft,fire_history_count,fire_occurred
Ada,2005,84.4,38.5,16.0,9.4,1.6,3092,7,0
Adams,2005,83.3,14.3,14.8,1.8,3.9,8570,1,1
Bannock,2005,79.5,15.5,9.6,8.3,2.7,4039,9,1
Bear Lake,2005,76.2,39.2,8.5,2.3,3.5,4677,3,0
Benewah,2005,89.8,11.4,14.1,3.4,1.3,8642,1,1
Bingham,2005,84.6,10.5,8.5,4.4,3.7,6270,7,1
Blaine,2005,75.9,37.3,8.9,10.3,2.2,5640,9,0
Boise,2005,89.2,10.9,17.6,7.3,2.6,8487,7,1
Bonner,2005,89.3,25.6,19.4,12.8,4.0,5778,7,1
Bonneville,2005,83.9,18.4,13.1,3.0,4.2,2522,6,1
Boundary,2005,85.6,21.8,9.4,1.2,1.8,6979,2,1
Butte,2005,94.3,12.2,10.4,2.6,4.5,6363,1,1
Camas,2005,77.4,21.1,15.0,10.3,3.4,3923,2,0
Canyon,2005,86.8,13.6,15.7,11.7,3.2,7397,6,1
Caribou,2005,76.0,31.3,6.7,7.2,1.8,8270,0,0
Cassia,2005,82.9,25.3,18.6,4.5,2.6,7289,3,1
Clark,2005,98.6,28.0,15.4,13.3,3.5,4069,4,1
Clearwater,2005,96.8,34.1,7.8,13.5,3.2,7652,8,0
Custer,2005,83.0,13.3,8.4,7.0,4.3,8025,6,1
Elmore,2005,79.1,26.0,12.3,10.7,2.1,3709,5,0
Franklin,2005,80.5,26.7,11.1,1.9,2.0,3728,6,1
Fremont,2005,87.4,19.0,9.3,1.5,3.4,5519,5,1
Gem,2005,75.8,20.4,14.5,10.5,3.1,5134,5,0
Gooding,2005,81.1,30.2,16.4,4.3,3.9,4574,3,0
Idaho,2005,99.6,22.0,17.2,12.2,1.6,5557,2,1
Jefferson,2005,89.8,30.3,5.2,8.2,1.9,6516,3,0
Jerome,2005,98.5,21.9,12.8,12.7,3.7,7147,1,1
Kootenai,2005,98.1,36.3,8.9,10.2,4.3,5886,0,0
Latah,2005,81.0,12.8,18.5,13.6,3.5,4373,2,1
Lemhi,2005,92.5,35.4,17.8,6.7,4.6,7956,0,1
Lewis,2005,79.0,37.0,14.1,1.1,1.4,6645,1,0
Lincoln,2005,79.0,26.5,15.4,10.1,1.9,6985,0,0
Madison,2005,87.3,15.4,10.5,11.4,3.9,4156,2,1
Minidoka,2005,90.9,17.5,13.8,14.7,2.9,8343,1,1
Nez Perce,2005,83.8,29.4,15.0,13.1,1.9,5494,3,0
Oneida,2005,75.6,29.4,7.7,14.2,4.8,8404,2,0
Owyhee,2005,93.7,38.6,10.0,8.7,3.3,8862,3,0
Payette,2005,82.4,21.6,17.8,5.4,1.7,5898,5,1
Power,2005,92.4,27.1,6.5,9.6,5.0,2981,9,1
Shoshone,2005,96.9,32.2,15.5,10.8,2.4,4055,6,1
Teton,2005,85.5,17.7,14.2,2.1,1.0,6395,3,1
Twin Falls,2005,91.2,31.1,16.9,13.5,2.4,4629,1,0
Valley,2005,86.0,30.2,9.9,3.2,4.9,7873,9,1
Washington,2005,75.8,11.1,17.3,6.0,1.5,5656,4,1
Ada,2006,81.8,39.0,11.9,12.8,1.8,4879,2,0
Adams,2006,90.9,31.8,19.6,8.2,2.3,7566,2,1
Bannock,2006,86.0,12.4,5.4,14.5,4.3,6872,4,0
Bear Lake,2006,76.5,37.5,11.6,4.4,1.4,3280,4,0
Benewah,2006,91.0,25.5,14.9,7.1,3.9,2334,9,1
Bingham,2006,83.9,32.7,5.2,2.6,1.2,2285,3,0
Blaine,2006,79.4,10.5,16.5,12.3,2.4,5253,4,1
Boise,2006,85.0,28.5,14.5,1.6,2.5,6381,9,1
Bonner,2006,87.5,26.2,15.3,9.6,4.8,8610,3,1
Bonneville,2006,89.4,21.6,14.6,7.4,3.2,8590,2,1
Boundary,2006,95.5,29.5,8.1,4.8,1.9,4641,2,1
Butte,2006,90.5,20.1,14.8,6.4,3.7,4384,2,1
Camas,2006,82.0,13.5,15.5,9.8,4.5,7145,4,1
Canyon,2006,99.2,26.4,11.4,9.0,3.3,7122,3,1
Caribou,2006,84.3,33.3,10.1,14.0,4.4,5003,6,0
Cassia,2006,93.9,13.1,18.5,8.1,4.3,4240,2,1
Clark,2006,84.7,10.3,18.6,2.3,2.3,8650,3,1
Clearwater,2006,89.3,29.0,11.7,5.1,2.3,6708,3,1
Custer,2006,98.7,33.4,6.7,14.0,4.9,8972,9,1
Elmore,2006,86.0,36.6,10.3,2.6,1.6,7331,0,0
Franklin,2006,77.5,12.5,15.5,2.0,4.3,6944,4,1
Fremont,2006,87.8,17.0,13.7,13.1,4.5,3657,6,1
Gem,2006,99.7,32.6,10.6,2.2,4.1,5909,9,1
Gooding,2006,97.7,13.3,12.4,1.2,2.9,2394,7,1
Idaho,2006,77.9,29.5,16.2,9.2,4.8,4624,0,0
Jefferson,2006,77.1,25.9,11.5,12.2,4.9,5892,4,0
Jerome,2006,76.1,37.7,18.8,4.5,3.8,2528,8,0
Kootenai,2006,80.4,18.8,19.9,10.8,2.5,7160,9,1
Latah,2006,98.8,36.7,11.8,9.7,2.1,3317,9,1
Lemhi,2006,84.7,16.9,9.0,6.0,2.0,5173,0,1
Lewis,2006,82.0,22.3,14.0,4.8,1.5,2533,5,1
Lincoln,2006,98.7,31.8,14.2,6.9,4.7,8062,4,1
Madison,2006,75.7,21.3,17.2,14.8,1.6,6159,8,0
Minidoka,2006,99.2,35.3,17.6,7.6,2.7,3914,6,1
Nez Perce,2006,96.6,34.4,20.0,15.0,3.2,7383,4,1
Oneida,2006,93.9,21.3,8.6,3.9,2.0,3923,3,1
Owyhee,2006,80.7,30.2,14.3,6.0,1.5,6701,1,0
Payette,2006,86.9,34.9,9.6,12.4,4.9,2619,8,0
Power,2006,89.7,24.4,11.3,12.0,3.6,7635,6,1
Shoshone,2006,78.4,10.4,10.3,9.3,2.6,5062,1,0
Teton,2006,83.7,25.4,16.8,6.6,3.5,8037,4,1
Twin Falls,2006,94.9,23.8,17.6,11.8,1.3,2321,5,1
Valley,2006,87.3,19.9,14.5,4.4,1.3,2902,6,1
Washington,2006,89.6,22.0,15.5,3.5,3.8,4882,2,1
Ada,2007,87.9,39.2,14.0,4.1,4.3,4416,9,1
Adams,2007,79.4,12.7,6.8,7.5,1.8,4550,9,1
Bannock,2007,92.3,11.2,17.0,9.8,1.3,8115,0,1
Bear Lake,2007,81.9,34.2,16.2,3.6,1.8,4593,5,0
Benewah,2007,80.9,32.8,13.0,11.1,1.2,3034,2,0
Bingham,2007,92.8,36.9,12.7,8.4,1.4,5132,2,0
Blaine,2007,84.9,13.1,16.1,3.6,3.3,7885,5,1
Boise,2007,83.2,13.6,18.4,9.3,3.7,7524,1,1
Bonner,2007,77.2,26.1,13.8,11.4,2.7,2893,8,0
Bonneville,2007,83.4,37.0,14.1,4.4,3.0,4312,8,0
Boundary,2007,80.9,13.1,7.3,4.4,1.6,3306,7,1
Butte,2007,97.4,12.4,12.9,6.7,4.9,2784,1,1
Camas,2007,89.4,37.5,5.1,14.7,3.0,7060,8,0
Canyon,2007,93.0,26.1,12.1,12.7,1.8,8776,3,1
Caribou,2007,85.6,25.2,8.6,2.6,3.4,4020,4,1
Cassia,2007,87.7,38.0,9.8,9.3,2.5,5180,4,0
Clark,2007,76.6,39.7,9.8,12.3,2.0,6771,0,0
Clearwater,2007,77.9,24.2,14.1,12.1,1.4,7955,1,0
Custer,2007,78.1,31.9,19.1,3.5,1.3,7188,5,0
Elmore,2007,76.2,33.4,17.4,11.5,4.2,7776,4,0
Franklin,2007,95.4,30.0,12.8,6.0,4.5,4747,7,1
Fremont,2007,86.3,31.4,18.5,9.7,3.2,5071,0,0
Gem,2007,80.8,37.0,10.8,8.6,4.6,6370,2,0
Gooding,2007,85.8,20.0,16.0,10.7,1.7,8150,0,1
Idaho,2007,88.3,36.8,16.8,3.1,2.2,3739,6,1
Jefferson,2007,78.6,16.1,15.7,7.9,4.0,2720,3,1
Jerome,2007,86.4,28.1,12.5,8.6,2.9,4863,1,0
Kootenai,2007,75.3,28.0,13.5,11.0,3.4,7788,9,0
Latah,2007,83.6,16.8,11.4,5.0,3.5,8383,7,1
Lemhi,2007,87.6,28.3,5.3,13.2,4.7,5956,3,0
Lewis,2007,94.8,10.7,14.8,11.8,2.5,2482,2,1
Lincoln,2007,93.4,38.0,18.9,7.3,1.5,8894,3,1
Madison,2007,78.1,37.6,18.0,8.3,3.4,4793,8,0
Minidoka,2007,93.6,16.2,16.8,9.5,1.5,4902,9,1
Nez Perce,2007,98.0,20.4,10.2,11.3,2.8,3572,2,1
Oneida,2007,81.2,27.3,7.5,1.5,2.2,7463,5,1
Owyhee,2007,80.5,16.4,12.7,14.7,2.8,5901,5,0
Payette,2007,77.1,39.9,12.5,9.3,1.3,7250,7,0
Power,2007,97.5,16.2,7.9,1.5,2.9,5954,1,1
Shoshone,2007,82.4,31.4,12.9,8.5,2.9,5479,2,0
Teton,2007,78.9,15.5,17.9,14.2,2.5,3895,1,0
Twin Falls,2007,85.2,10.8,7.3,11.0,3.6,2190,6,1
Valley,2007,81.3,15.9,12.6,9.3,2.4,5986,2,1
Washington,2007,91.3,17.1,6.5,4.4,3.9,7990,3,1
Ada,2008,98.6,14.2,11.1,5.5,1.3,6433,0,1
Adams,2008,80.2,10.8,7.7,9.2,2.7,8249,4,1
Bannock,2008,83.5,17.8,10.7,9.3,2.1,6369,5,1
Bear Lake,2008,94.3,20.9,17.9,4.1,4.9,7458,0,1
Benewah,2008,96.7,24.6,18.4,12.2,2.7,2157,8,1
Bingham,2008,88.5,29.0,8.9,3.0,4.3,8891,9,1
Blaine,2008,97.5,30.7,15.2,12.5,3.1,7705,8,1
Boise,2008,81.9,26.6,14.8,12.6,1.8,2077,4,0
Bonner,2008,81.6,18.0,16.0,4.5,3.5,5460,9,1
Bonneville,2008,97.9,22.6,10.7,8.3,1.2,3164,0,1
Boundary,2008,77.1,28.1,8.7,6.5,2.2,4490,0,0
Butte,2008,93.0,28.3,19.2,6.6,4.8,2945,7,1
Camas,2008,80.4,10.9,8.9,9.3,1.2,5475,1,1
Canyon,2008,90.6,24.2,10.2,5.9,2.7,6934,7,1
Caribou,2008,85.9,17.4,17.3,12.2,3.8,3905,1,1
Cassia,2008,77.6,19.4,17.1,14.5,4.2,6834,0,0
Clark,2008,79.6,26.3,18.1,11.3,4.2,6611,5,0
Clearwater,2008,90.9,39.4,18.6,10.1,3.8,2361,9,0
Custer,2008,76.0,31.2,18.9,3.5,3.3,8408,4,0
Elmore,2008,93.3,15.8,6.7,6.9,4.2,7215,3,1
Franklin,2008,96.1,19.6,17.4,1.5,3.4,3610,1,1
Fremont,2008,97.1,25.9,11.6,6.7,3.3,7628,3,1
Gem,2008,94.8,19.6,14.4,13.4,3.5,3631,6,1
Gooding,2008,86.5,39.7,5.0,3.6,2.5,8528,6,0
Idaho,2008,75.2,11.6,6.3,1.5,2.9,6065,8,1
Jefferson,2008,94.2,22.5,11.3,11.3,2.0,2773,7,1
Jerome,2008,82.2,18.9,8.5,1.6,1.1,8914,8,1
Kootenai,2008,77.7,21.7,6.9,14.4,4.2,3813,5,0
Latah,2008,99.6,36.5,14.0,13.7,5.0,7203,3,0
Lemhi,2008,80.8,38.3,14.7,9.5,3.1,3615,1,0
Lewis,2008,84.6,11.1,19.4,12.6,4.2,6408,6,1
Lincoln,2008,97.1,37.8,19.9,3.4,2.6,7308,0,1
Madison,2008,78.8,34.5,8.4,4.1,3.1,6151,4,0
Minidoka,2008,77.3,36.3,9.0,2.8,4.6,8690,9,0
Nez Perce,2008,95.2,29.7,13.3,2.2,2.6,4609,7,1
Oneida,2008,92.4,11.5,13.0,14.5,1.4,8261,0,1
Owyhee,2008,76.5,36.5,12.7,13.7,3.3,6635,7,0
Payette,2008,89.1,18.0,18.2,12.2,3.6,7954,8,1
Power,2008,83.4,17.2,19.0,2.5,3.8,3325,4,1
Shoshone,2008,97.0,36.2,5.4,12.6,1.5,4346,6,0
Teton,2008,79.0,34.5,17.5,8.1,1.0,4009,0,0
Twin Falls,2008,89.0,13.5,10.7,1.1,4.3,2899,2,1
Valley,2008,94.0,26.2,19.4,5.8,3.5,8524,5,1
Washington,2008,98.4,30.6,6.0,5.2,3.8,2471,9,1
Ada,2009,86.8,11.7,6.1,12.9,5.0,6732,3,1
Adams,2009,91.2,27.8,10.8,1.9,4.3,4603,2,1
Bannock,2009,81.3,10.0,7.4,7.6,4.8,2715,8,1
Bear Lake,2009,79.1,33.8,15.4,4.1,1.3,6763,5,0
Benewah,2009,78.3,36.0,19.4,1.4,3.9,8367,4,0
Bingham,2009,91.0,21.9,9.1,14.8,2.6,8259,1,0
Blaine,2009,80.3,10.9,14.8,6.2,4.5,5312,7,1
Boise,2009,79.0,16.1,6.4,3.2,2.8,5712,6,1
Bonner,2009,90.7,13.9,5.5,13.9,3.5,7576,8,1
Bonneville,2009,75.0,27.9,14.1,4.5,3.2,3579,5,0
Boundary,2009,89.5,18.1,17.0,5.3,2.8,2081,1,1
Butte,2009,92.0,21.9,19.6,11.1,3.6,7299,5,1
Camas,2009,97.7,31.7,16.2,3.0,1.4,5996,5,1
Canyon,2009,90.5,31.1,13.4,1.1,2.3,5624,0,1
Caribou,2009,97.1,12.5,17.4,6.0,2.3,8842,9,1
Cassia,2009,92.2,34.0,8.0,3.3,1.4,6455,2,1
Clark,2009,97.4,27.8,14.2,9.6,2.2,8546,7,1
Clearwater,2009,92.9,34.1,10.1,12.4,1.3,8264,3,0
Custer,2009,89.9,33.5,12.2,1.6,1.7,5070,1,1
Elmore,2009,76.5,17.4,7.4,13.2,1.9,8831,3,0
Franklin,2009,93.6,36.2,11.5,1.6,1.6,2146,2,1
Fremont,2009,80.7,39.9,19.6,10.1,1.8,6762,5,0
Gem,2009,75.8,17.7,11.9,13.2,3.9,7199,3,0
Gooding,2009,90.7,32.1,16.5,8.1,3.2,5598,8,1
Idaho,2009,86.0,31.8,12.3,13.2,4.6,4952,9,0
Jefferson,2009,99.8,18.5,10.4,6.4,2.9,7852,0,1
Jerome,2009,78.3,31.5,18.6,3.5,2.0,8800,6,0
Kootenai,2009,85.3,12.1,11.6,2.4,2.6,6150,6,1
Latah,2009,84.0,27.8,7.5,6.5,4.9,3807,4,0
Lemhi,2009,75.2,27.7,14.0,6.6,1.9,3643,9,0
Lewis,2009,76.8,15.1,12.8,5.7,4.3,5016,3,1
Lincoln,2009,89.7,38.5,8.8,6.0,2.5,6239,4,0
Madison,2009,88.3,33.5,15.6,7.2,4.5,5907,3,0
Minidoka,2009,81.7,11.7,13.0,14.1,1.2,2855,5,1
Nez Perce,2009,79.5,12.7,6.5,9.2,3.8,4782,1,0
Oneida,2009,99.1,10.1,19.3,9.9,4.5,5183,1,1
Owyhee,2009,83.6,26.0,6.9,2.9,1.6,8579,6,1
Payette,2009,79.1,15.7,16.0,3.2,1.9,8743,1,1
Power,2009,91.5,39.4,10.6,1.2,2.0,7816,7,1
Shoshone,2009,94.2,13.4,16.9,13.9,3.4,8586,4,1
Teton,2009,91.7,27.3,10.2,3.2,3.4,4227,0,1
Twin Falls,2009,85.2,36.1,16.7,8.9,4.0,8150,5,0
Valley,2009,83.2,30.0,17.1,11.7,4.2,5049,0,0
Washington,2009,78.0,26.3,5.1,5.5,2.5,4773,4,0
Ada,2010,84.5,26.5,13.9,8.6,2.8,2103,2,0
Adams,2010,79.2,29.3,16.4,8.0,3.2,8660,1,0
Bannock,2010,87.0,10.8,10.1,6.3,2.6,6061,3,1
Bear Lake,2010,90.2,32.9,17.2,11.1,4.8,2128,6,0
Benewah,2010,85.8,36.9,6.1,14.4,3.6,4661,3,0
Bingham,2010,98.4,20.5,6.5,7.8,2.0,3994,2,1
Blaine,2010,89.5,12.7,15.8,6.6,4.9,7762,6,1
Boise,2010,92.0,15.4,12.9,10.9,1.4,5971,9,1
Bonner,2010,97.9,22.7,6.3,12.4,2.5,5685,6,1
Bonneville,2010,90.9,25.5,13.9,12.1,3.6,3223,8,1
Boundary,2010,96.0,37.0,10.3,4.3,4.1,3924,2,1
Butte,2010,96.3,30.1,17.1,11.7,1.6,4968,4,1
Camas,2010,79.2,32.1,17.9,4.0,1.4,2165,2,0
Canyon,2010,90.2,26.4,8.5,6.5,3.4,5477,1,1
Caribou,2010,81.9,27.9,15.1,7.2,2.8,7072,6,0
Cassia,2010,83.5,34.6,14.0,5.7,4.6,7408,3,0
Clark,2010,77.1,36.8,7.9,5.5,1.9,4485,3,0
Clearwater,2010,86.1,35.0,15.0,2.0,3.6,3898,7,1
Custer,2010,91.3,26.0,9.9,5.7,3.7,8959,1,1
Elmore,2010,84.1,39.9,11.7,5.7,3.3,2621,4,0
Franklin,2010,79.4,30.7,8.0,8.5,1.4,5153,0,0
Fremont,2010,82.5,39.4,12.1,6.4,1.5,8819,5,0
Gem,2010,99.8,37.8,13.1,12.8,3.1,6365,1,0
Gooding,2010,94.7,35.9,14.1,8.1,1.6,2442,3,1
Idaho,2010,82.6,17.9,10.4,2.2,4.7,5877,2,1
Jefferson,2010,84.9,23.4,14.0,8.2,4.7,5479,5,1
Jerome,2010,89.2,21.7,12.5,6.6,3.2,6396,7,1
Kootenai,2010,88.3,31.6,7.1,4.0,4.3,4258,2,0
Latah,2010,79.3,30.8,10.2,14.7,3.6,7757,8,0
Lemhi,2010,87.0,19.4,14.1,2.9,4.6,7805,3,1
Lewis,2010,87.6,22.0,7.2,6.1,1.3,2181,8,1
Lincoln,2010,80.8,12.4,16.7,2.7,3.4,8555,3,1
Madison,2010,86.0,13.2,14.6,4.0,3.5,6551,2,1
Minidoka,2010,84.7,26.9,7.9,4.0,2.9,7280,7,1
Nez Perce,2010,82.4,22.9,7.6,2.0,4.1,3858,6,1
Oneida,2010,92.3,11.9,12.6,15.0,4.3,6307,3,1
Owyhee,2010,79.3,29.7,17.7,11.1,4.2,4834,2,0
Payette,2010,84.2,22.4,17.4,11.3,4.1,2077,1,0
Power,2010,78.3,22.6,16.9,9.2,3.7,3328,4,0
Shoshone,2010,80.4,10.4,8.6,14.7,4.2,8717,3,0
Teton,2010,84.3,18.0,14.7,8.0,2.1,3045,3,1
Twin Falls,2010,96.6,17.3,14.8,12.3,3.5,8017,9,1
Valley,2010,94.6,36.8,19.3,12.0,2.3,6817,0,0
Washington,2010,96.0,11.2,18.5,7.5,3.5,6615,5,1
Ada,2011,90.9,28.4,6.0,8.3,1.6,7162,0,0
Adams,2011,86.1,11.4,5.6,11.4,3.6,7615,2,1
Bannock,2011,75.3,38.7,16.1,5.9,2.2,4448,2,0
Bear Lake,2011,91.5,15.6,7.6,2.4,3.6,7351,9,1
Benewah,2011,75.5,12.5,19.5,5.1,4.1,6373,1,1
Bingham,2011,91.7,10.3,8.8,4.6,1.3,8719,6,1
Blaine,2011,76.0,39.1,17.0,5.1,4.9,6213,4,0
Boise,2011,98.0,25.6,14.2,3.2,1.2,2776,1,1
Bonner,2011,80.6,21.2,11.5,7.2,3.5,8602,3,0
Bonneville,2011,78.0,15.9,18.3,10.0,2.1,7712,6,1
Boundary,2011,97.0,17.8,13.2,9.9,1.9,8849,7,1
Butte,2011,88.9,15.4,5.8,5.5,4.0,3885,1,1
Camas,2011,77.7,30.6,6.4,14.5,3.0,3055,5,0
Canyon,2011,88.6,27.7,12.6,5.2,3.3,6822,6,1
Caribou,2011,89.4,36.3,11.5,3.3,3.2,7682,4,1
Cassia,2011,97.0,18.3,7.9,13.3,3.6,4177,4,1
Clark,2011,93.3,28.5,7.8,6.0,4.1,5880,5,1
Clearwater,2011,96.2,35.2,17.5,1.2,4.0,7311,3,1
Custer,2011,83.2,14.5,9.6,13.3,5.0,4578,3,0
Elmore,2011,93.1,36.6,13.9,6.5,2.7,6869,4,1
Franklin,2011,75.7,15.0,7.7,6.4,2.6,8120,2,0
Fremont,2011,76.6,27.4,13.4,8.8,3.4,6735,1,0
Gem,2011,90.1,10.7,9.8,9.9,1.6,6868,9,1
Gooding,2011,92.7,33.7,12.8,7.2,1.6,4297,6,1
Idaho,2011,80.9,21.1,5.9,12.2,4.1,7135,5,0
Jefferson,2011,91.1,22.6,14.5,12.0,1.5,4869,6,1
Jerome,2011,89.3,27.6,7.8,6.1,2.3,2183,0,0
Kootenai,2011,89.6,27.6,15.5,14.0,4.1,2393,2,0
Latah,2011,85.7,36.2,17.6,3.6,4.2,5207,4,1
Lemhi,2011,92.7,28.9,5.7,13.7,4.6,7461,3,0
Lewis,2011,94.1,14.8,14.2,2.9,4.0,6599,3,1
Lincoln,2011,75.3,18.5,5.7,1.5,2.1,3929,7,1
Madison,2011,99.4,21.1,11.4,12.8,2.1,3095,3,1
Minidoka,2011,75.8,11.9,18.6,2.9,3.1,4878,6,1
Nez Perce,2011,77.2,17.1,16.0,8.7,1.5,8175,4,0
Oneida,2011,76.3,22.6,8.9,11.2,4.9,3796,2,0
Owyhee,2011,93.1,15.7,10.1,5.3,4.8,8771,8,1
Payette,2011,75.6,31.6,11.3,2.2,3.7,5816,7,0
Power,2011,77.9,35.8,15.8,1.9,3.8,5805,5,0
Shoshone,2011,80.7,35.4,11.4,3.0,3.7,3513,9,0
Teton,2011,86.6,22.4,14.8,8.6,1.2,5588,9,1
Twin Falls,2011,99.5,33.8,12.5,5.8,4.5,5814,3,1
Valley,2011,93.9,25.6,8.1,13.3,4.5,8094,8,1
Washington,2011,89.0,32.5,13.4,8.7,1.4,4406,0,0
Ada,2012,84.8,34.0,10.6,7.3,2.6,2654,4,0
Adams,2012,99.1,16.1,12.8,5.0,4.2,6043,4,1
Bannock,2012,82.8,29.3,7.9,13.6,3.1,5133,5,0
Bear Lake,2012,94.8,19.5,17.9,13.7,2.1,8885,0,1
Benewah,2012,90.0,11.0,10.5,11.3,4.3,4192,5,1
Bingham,2012,99.2,35.7,6.8,11.4,2.3,8919,6,1
Blaine,2012,78.1,31.8,9.8,15.0,4.9,6593,4,0
Boise,2012,89.0,25.8,15.8,13.5,1.3,7120,8,1
Bonner,2012,95.5,26.2,15.7,5.4,2.9,7751,8,1
Bonneville,2012,83.9,24.8,17.4,5.7,1.7,6984,7,1
Boundary,2012,77.2,31.6,11.3,13.7,4.0,3339,8,0
Butte,2012,85.9,27.3,16.1,12.3,4.4,3778,0,0
Camas,2012,78.2,30.3,9.9,10.6,1.3,3224,8,0
Canyon,2012,91.4,39.8,6.1,2.1,2.4,8065,5,1
Caribou,2012,84.0,12.1,16.4,6.7,4.0,8325,0,1
Cassia,2012,94.2,33.7,15.0,4.6,4.6,6695,6,1
Clark,2012,79.2,21.7,10.7,4.2,2.5,2902,2,0
Clearwater,2012,99.4,13.3,11.3,1.6,4.0,8427,6,1
Custer,2012,78.2,31.2,19.6,12.6,3.8,7876,6,0
Elmore,2012,90.5,26.8,14.4,8.5,3.5,5149,7,1
Franklin,2012,92.6,26.2,6.4,4.4,1.0,5281,8,1
Fremont,2012,95.6,12.2,8.4,11.2,3.4,2451,7,1
Gem,2012,96.9,19.9,10.1,14.8,3.5,5719,0,1
Gooding,2012,82.1,22.9,9.0,12.0,3.3,6612,3,0
Idaho,2012,80.5,24.7,16.1,8.4,1.1,8080,1,0
Jefferson,2012,97.0,27.2,12.8,7.0,2.3,5042,8,1
Jerome,2012,83.5,14.9,7.6,14.3,2.8,7522,2,0
Kootenai,2012,80.9,25.4,6.6,6.4,3.0,6566,1,0
Latah,2012,81.8,24.2,19.8,4.8,2.6,8240,1,1
Lemhi,2012,84.0,24.2,5.7,3.0,2.1,8801,0,1
Lewis,2012,90.6,24.1,11.7,7.6,3.4,5759,0,1
Lincoln,2012,75.2,16.6,5.6,2.5,2.4,7618,0,0
Madison,2012,80.5,21.9,5.7,4.9,4.3,3992,0,0
Minidoka,2012,77.8,20.4,12.6,13.2,3.0,6916,2,0
Nez Perce,2012,86.3,37.9,7.5,6.5,3.9,8176,4,0
Oneida,2012,81.5,30.2,9.5,11.1,4.8,7050,8,0
Owyhee,2012,90.9,11.5,8.9,1.8,3.4,6806,1,1
Payette,2012,91.6,34.0,14.9,2.3,3.4,5847,0,1
Power,2012,76.8,12.4,10.3,14.2,3.7,6751,1,0
Shoshone,2012,97.2,28.0,12.5,2.9,1.5,3080,2,1
Teton,2012,93.1,13.6,18.5,1.9,3.1,2995,0,1
Twin Falls,2012,92.4,26.0,11.7,2.2,2.6,8371,0,1
Valley,2012,80.4,24.0,17.3,1.9,2.5,7963,3,1
Washington,2012,91.8,18.3,9.6,12.0,2.8,7589,2,1
Ada,2013,86.3,27.4,16.4,2.4,4.6,2086,8,1
Adams,2013,75.7,21.8,12.9,8.2,1.7,6520,4,0
Bannock,2013,97.3,20.4,7.3,1.4,3.6,6458,0,1
Bear Lake,2013,77.5,35.4,13.0,12.8,3.3,5918,3,0
Benewah,2013,79.2,39.2,8.4,14.7,3.1,2951,9,0
Bingham,2013,76.0,10.9,10.8,3.2,1.1,7293,4,1
Blaine,2013,82.2,37.0,6.7,14.4,2.3,8219,3,0
Boise,2013,99.9,26.4,6.3,9.5,1.6,2217,5,1
Bonner,2013,88.5,14.6,13.3,8.6,4.0,7836,2,1
Bonneville,2013,83.9,34.8,15.6,3.5,3.0,6742,4,0
Boundary,2013,99.2,26.7,10.2,9.1,1.6,5108,1,1
Butte,2013,87.2,22.1,19.9,13.3,3.5,5986,9,1
Camas,2013,86.5,31.9,7.2,12.9,3.8,8349,4,0
Canyon,2013,90.0,20.6,11.9,1.5,4.0,5845,4,1
Caribou,2013,94.9,18.3,18.2,14.2,1.6,5239,3,1
Cassia,2013,96.6,27.7,10.6,5.0,1.8,7333,8,1
Clark,2013,84.1,31.8,18.4,7.4,2.8,6215,3,0
Clearwater,2013,95.2,24.3,19.9,1.8,1.0,6481,0,1
Custer,2013,97.3,11.9,18.3,7.3,3.0,6386,6,1
Elmore,2013,75.5,24.3,15.3,11.1,3.8,2941,4,0
Franklin,2013,84.0,34.1,9.2,3.9,4.8,2062,2,0
Fremont,2013,80.0,39.8,6.3,1.0,1.2,4392,4,0
Gem,2013,93.5,14.3,16.3,11.8,3.6,7363,3,1
Gooding,2013,92.5,13.1,11.0,11.1,2.1,6812,5,1
Idaho,2013,82.7,26.5,14.5,9.1,3.8,2043,2,0
Jefferson,2013,88.1,19.0,6.2,8.0,4.2,6950,1,1
Jerome,2013,76.8,22.1,9.4,4.3,2.1,7624,7,0
Kootenai,2013,85.1,37.2,9.8,7.7,1.9,6483,4,0
Latah,2013,75.8,16.4,11.2,11.6,1.8,7039,9,0
Lemhi,2013,89.6,28.7,6.1,10.6,2.0,6998,3,0
Lewis,2013,82.6,18.7,13.4,2.7,4.7,7045,6,1
Lincoln,2013,79.0,36.5,17.4,11.1,2.1,4817,8,0
Madison,2013,75.0,25.3,5.7,4.9,3.8,2439,1,0
Minidoka,2013,86.7,20.2,19.1,2.2,4.7,7787,2,1
Nez Perce,2013,89.1,36.0,13.6,13.7,4.8,4957,5,0
Oneida,2013,84.4,38.9,6.3,10.6,3.0,4714,8,0
Owyhee,2013,92.6,10.1,7.5,11.0,3.7,8762,0,1
Payette,2013,91.9,38.3,9.0,7.7,3.5,8996,0,0
Power,2013,84.0,38.7,12.5,7.1,2.8,3462,2,0
Shoshone,2013,84.2,11.6,16.5,6.8,4.3,7952,8,1
Teton,2013,91.4,24.2,18.2,4.0,3.7,6254,1,1
Twin Falls,2013,84.9,37.9,6.9,11.3,4.9,2365,7,0
Valley,2013,86.7,27.4,6.3,1.6,3.7,7763,5,1
Washington,2013,87.9,18.0,17.5,1.2,2.5,4361,5,1
Ada,2014,92.7,38.5,5.5,11.3,2.3,8342,3,0
Adams,2014,75.2,23.9,19.5,8.3,3.7,4183,0,0
Bannock,2014,88.0,39.3,6.9,1.2,4.1,7650,1,0
Bear Lake,2014,79.5,23.1,10.0,5.8,4.0,3563,8,1
Benewah,2014,84.3,10.0,9.5,10.1,4.9,7929,8,1
Bingham,2014,88.7,34.9,14.1,5.1,1.8,3066,7,1
Blaine,2014,76.6,16.8,8.7,7.8,4.0,5317,9,1
Boise,2014,89.6,39.7,8.6,8.4,3.6,6512,5,0
Bonner,2014,84.1,16.8,7.9,3.0,3.5,7469,2,1
Bonneville,2014,78.7,34.3,14.5,6.4,3.7,3819,0,0
Boundary,2014,98.7,20.1,15.9,8.5,1.2,6830,9,1
Butte,2014,78.7,10.2,14.5,7.3,1.5,8706,1,1
Camas,2014,81.0,25.0,15.2,2.1,2.1,7649,1,1
Canyon,2014,88.7,15.4,11.9,8.9,4.5,5369,0,1
Caribou,2014,78.4,39.8,12.9,6.5,3.6,2762,3,0
Cassia,2014,98.8,39.8,15.7,14.7,3.3,3817,8,0
Clark,2014,98.0,15.3,8.2,1.2,1.1,7806,1,1
Clearwater,2014,92.5,21.9,19.3,14.5,2.6,7980,3,1
Custer,2014,81.2,29.2,15.0,3.3,3.3,7401,5,1
Elmore,2014,90.1,35.1,16.8,6.3,3.2,7633,4,1
Franklin,2014,80.6,19.7,17.7,11.2,1.4,5001,8,1
Fremont,2014,85.1,36.8,5.0,13.6,1.6,8931,1,0
Gem,2014,99.8,11.3,16.4,6.2,2.6,7280,2,1
Gooding,2014,76.4,23.3,9.1,9.7,5.0,4704,4,0
Idaho,2014,84.0,29.7,8.6,3.7,4.7,2713,9,1
Jefferson,2014,96.0,32.6,8.4,14.4,1.6,6757,8,0
Jerome,2014,98.8,27.4,11.5,9.1,3.1,7311,2,1
Kootenai,2014,78.6,22.9,18.6,12.8,2.6,7342,6,0
Latah,2014,86.9,24.9,8.1,9.3,1.7,4321,6,1
Lemhi,2014,75.8,29.1,10.5,5.1,4.5,5220,7,0
Lewis,2014,95.7,11.4,15.9,11.8,2.4,7774,1,1
Lincoln,2014,96.9,26.2,9.2,7.0,1.2,2895,8,1
Madison,2014,75.0,22.5,12.8,1.8,4.9,3583,5,1
Minidoka,2014,75.3,23.1,18.2,1.7,1.8,4171,2,1
Nez Perce,2014,91.6,32.3,17.7,6.9,2.2,4277,8,1
Oneida,2014,81.3,18.1,6.9,5.7,5.0,4840,7,1
Owyhee,2014,94.1,26.3,7.2,6.3,2.7,7277,1,1
Payette,2014,94.5,27.5,19.3,1.6,2.1,6211,3,1
Power,2014,90.8,13.9,13.4,11.9,3.8,3205,0,1
Shoshone,2014,98.3,34.8,15.5,11.0,2.8,8447,6,1
Teton,2014,78.1,35.5,10.2,1.4,1.2,2995,5,0
Twin Falls,2014,83.4,39.4,17.8,10.8,3.9,5935,6,0
Valley,2014,88.7,19.4,12.2,8.1,2.5,8346,0,1
Washington,2014,75.6,35.2,5.2,10.9,4.9,5064,3,0
Ada,2015,89.0,25.0,15.6,8.5,3.2,5007,4,1
Adams,2015,93.0,35.9,7.7,12.2,3.2,4776,9,0
Bannock,2015,95.2,30.3,14.4,5.4,4.3,5511,7,1
Bear Lake,2015,81.3,28.7,13.6,12.7,4.6,2085,7,0
Benewah,2015,76.3,26.5,9.3,5.3,2.4,6349,0,0
Bingham,2015,85.8,36.3,14.1,4.5,2.4,2587,8,1
Blaine,2015,92.1,20.0,5.8,6.2,4.8,6492,5,1
Boise,2015,93.3,13.5,16.7,12.0,3.4,8933,7,1
Bonner,2015,81.9,23.0,19.7,1.9,3.1,3256,5,1
Bonneville,2015,88.7,39.4,13.3,3.7,3.3,3431,0,0
Boundary,2015,84.9,17.9,8.1,7.8,2.1,4012,9,1
Butte,2015,92.2,14.3,13.9,3.4,4.7,2478,8,1
Camas,2015,77.3,28.0,14.4,10.1,2.1,2106,2,0
Canyon,2015,84.3,26.9,11.8,10.4,3.3,5680,1,0
Caribou,2015,96.7,38.4,6.6,3.2,4.8,7156,4,1
Cassia,2015,80.1,27.6,15.5,10.5,2.6,2108,3,0
Clark,2015,98.4,26.3,19.1,4.1,3.9,6321,5,1
Clearwater,2015,99.4,13.1,5.1,7.1,1.4,7239,8,1
Custer,2015,85.9,17.8,11.5,11.1,1.0,6126,0,0
Elmore,2015,88.7,30.1,15.5,3.9,3.6,7729,3,1
Franklin,2015,75.3,17.5,8.2,4.8,2.0,2438,1,0
Fremont,2015,93.3,28.2,15.1,2.1,4.8,7869,5,1
Gem,2015,84.6,24.8,9.2,12.0,2.6,5595,6,0
Gooding,2015,93.4,25.6,6.0,6.2,4.7,6091,8,1
Idaho,2015,83.3,36.0,18.7,13.0,1.1,7512,1,0
Jefferson,2015,90.8,17.5,15.6,7.0,2.8,6545,4,1
Jerome,2015,94.6,22.6,12.5,12.0,3.4,3408,5,1
Kootenai,2015,87.6,11.7,12.4,14.0,1.4,7351,5,1
Latah,2015,91.4,17.8,7.4,3.2,1.3,3300,4,1
Lemhi,2015,93.7,31.6,17.4,7.2,4.2,2056,7,1
Lewis,2015,88.8,17.6,16.1,2.1,4.5,7797,6,1
Lincoln,2015,98.8,19.8,10.3,8.1,4.8,8134,4,1
Madison,2015,97.6,12.3,17.4,5.9,3.1,7561,6,1
Minidoka,2015,95.9,35.8,16.2,7.1,3.4,3123,4,1
Nez Perce,2015,85.3,31.7,10.8,7.9,2.7,7184,4,0
Oneida,2015,93.0,32.0,12.7,3.3,1.3,2134,9,1
Owyhee,2015,97.0,13.6,14.5,9.2,1.5,3483,6,1
Payette,2015,76.4,21.7,8.5,4.1,4.8,6314,8,1
Power,2015,85.4,22.9,13.1,10.8,3.8,3202,1,0
Shoshone,2015,83.2,26.4,13.6,1.3,4.8,6876,4,1
Teton,2015,77.9,20.1,7.1,10.7,1.8,4743,0,0
Twin Falls,2015,92.0,33.2,19.3,11.9,3.4,8001,2,0
Valley,2015,89.0,28.9,15.3,4.5,1.0,7064,7,1
Washington,2015,93.8,24.0,18.1,3.8,1.5,3999,6,1
Ada,2016,86.3,15.5,17.8,13.4,2.9,2530,8,1
Adams,2016,95.1,37.1,8.1,1.9,4.5,4726,8,1
Bannock,2016,93.6,35.4,13.2,14.7,2.8,5594,5,0
Bear Lake,2016,85.8,39.9,13.4,5.5,1.9,4454,7,0
Benewah,2016,76.7,21.1,12.0,11.1,3.6,6961,1,0
Bingham,2016,91.5,24.5,5.1,12.3,4.1,5839,8,1
Blaine,2016,89.5,22.8,13.2,8.3,2.4,6742,3,1
Boise,2016,78.5,30.1,14.3,11.4,1.7,3365,5,0
Bonner,2016,93.7,37.2,16.4,9.4,3.6,8224,4,1
Bonneville,2016,88.5,32.7,9.6,6.8,3.9,4703,7,1
Boundary,2016,82.8,17.2,8.2,6.9,4.6,5549,0,1
Butte,2016,89.6,14.0,11.7,7.3,4.8,5018,5,1
Camas,2016,88.3,29.1,16.2,4.2,3.1,7781,4,1
Canyon,2016,92.4,16.6,13.9,4.7,3.6,7705,3,1
Caribou,2016,86.5,39.5,16.8,11.8,4.0,3054,7,0
Cassia,2016,75.8,17.8,5.5,13.3,2.0,5901,7,0
Clark,2016,96.5,33.5,11.4,3.8,3.1,7154,6,1
Clearwater,2016,99.9,34.8,17.7,4.5,3.3,2471,3,1
Custer,2016,97.6,38.0,17.0,10.4,1.0,5261,0,0
Elmore,2016,99.0,36.8,17.7,6.7,1.1,2562,4,1
Franklin,2016,80.8,10.4,16.5,9.7,4.0,2273,9,1
Fremont,2016,89.1,28.7,18.0,9.2,3.3,8935,2,1
Gem,2016,86.1,31.2,10.8,4.2,3.4,8497,1,0
Gooding,2016,83.5,25.8,8.2,14.9,4.9,6547,0,0
Idaho,2016,86.5,38.2,12.6,14.3,4.3,4537,5,0
Jefferson,2016,84.3,38.3,7.5,8.0,3.8,6880,8,0
Jerome,2016,76.7,26.6,16.2,12.3,2.7,3429,5,0
Kootenai,2016,86.4,30.0,17.6,3.4,1.1,7454,6,1
Latah,2016,79.3,23.6,11.8,10.6,4.6,6473,9,0
Lemhi,2016,85.0,14.6,13.6,4.9,4.7,6082,7,1
Lewis,2016,77.4,27.8,15.5,1.9,1.9,8410,3,0
Lincoln,2016,97.0,36.5,14.9,4.0,4.5,8203,4,1
Madison,2016,95.0,36.5,6.9,3.8,1.9,6838,6,1
Minidoka,2016,90.5,38.2,16.6,2.8,2.4,5048,0,1
Nez Perce,2016,91.7,36.8,9.6,8.7,4.2,4914,9,0
Oneida,2016,80.7,24.1,9.0,2.4,1.7,3031,2,1
Owyhee,2016,99.6,15.0,6.7,1.1,1.6,3451,7,1
Payette,2016,80.5,10.6,17.4,6.1,2.4,4117,3,1
Power,2016,80.3,34.3,7.2,5.8,4.5,3084,6,0
Shoshone,2016,77.5,34.9,15.6,9.6,1.6,5349,9,0
Teton,2016,87.6,14.3,14.4,4.8,3.0,2576,6,1
Twin Falls,2016,99.6,21.9,15.7,4.9,2.5,3335,8,1
Valley,2016,89.4,30.0,16.7,13.1,2.3,5766,6,0
Washington,2016,89.1,33.0,19.1,1.2,3.1,5296,8,1
Ada,2017,87.3,24.5,17.6,6.1,4.4,4848,6,1
Adams,2017,92.5,22.5,12.7,13.6,4.6,7725,5,1
Bannock,2017,89.2,27.4,12.3,10.0,1.9,5869,8,1
Bear Lake,2017,93.5,18.4,7.0,13.0,1.7,7980,2,1
Benewah,2017,79.6,34.8,9.3,14.0,4.9,5999,8,0
Bingham,2017,94.6,17.6,19.1,13.5,2.3,7106,4,1
Blaine,2017,79.4,30.2,8.3,4.1,4.5,3748,5,0
Boise,2017,93.8,28.7,14.0,1.7,2.5,3624,3,1
Bonner,2017,86.5,20.5,6.4,7.8,4.7,2280,7,1
Bonneville,2017,80.2,17.1,18.6,7.6,2.9,7324,6,1
Boundary,2017,87.2,22.9,14.0,15.0,4.1,4785,1,0
Butte,2017,79.3,10.9,8.1,5.8,3.0,6306,8,1
Camas,2017,86.7,33.2,6.9,9.8,2.1,7971,8,0
Canyon,2017,96.0,14.8,5.4,7.3,1.9,2347,0,1
Caribou,2017,94.3,37.4,7.8,13.9,3.8,6275,9,0
Cassia,2017,84.8,32.5,6.9,11.8,1.9,6742,4,0
Clark,2017,95.9,37.8,10.5,5.5,4.0,5018,7,1
Clearwater,2017,94.4,17.0,10.2,1.4,4.8,6675,2,1
Custer,2017,90.9,27.9,14.8,3.7,2.2,6337,4,1
Elmore,2017,97.1,32.2,9.2,4.9,4.9,2072,0,1
Franklin,2017,92.7,28.7,19.9,5.4,2.4,2553,0,1
Fremont,2017,77.2,39.8,13.1,14.8,4.8,5170,5,0
Gem,2017,76.5,12.8,7.4,9.3,1.6,8777,8,1
Gooding,2017,97.8,15.7,5.1,1.8,4.6,6533,7,1
Idaho,2017,89.4,37.1,17.3,11.6,1.2,2048,8,0
Jefferson,2017,91.6,22.3,11.0,13.4,4.6,8364,6,1
Jerome,2017,82.5,13.2,11.6,11.2,4.8,6227,3,1
Kootenai,2017,95.8,13.6,16.0,8.4,2.2,5450,9,1
Latah,2017,78.4,32.0,14.5,9.2,2.6,4486,6,0
Lemhi,2017,91.5,37.9,17.3,8.9,3.6,8289,1,0
Lewis,2017,89.0,38.3,6.2,4.6,4.1,2691,4,0
Lincoln,2017,86.6,13.6,19.7,4.0,1.3,6164,0,1
Madison,2017,92.5,28.5,18.0,4.1,4.5,7526,7,1
Minidoka,2017,82.4,38.1,17.3,14.8,2.0,8788,4,0
Nez Perce,2017,81.0,14.3,6.7,1.4,3.1,3528,4,1
Oneida,2017,90.3,17.6,13.7,6.0,4.3,7745,5,1
Owyhee,2017,97.4,33.8,7.4,1.7,3.2,3092,5,1
Payette,2017,86.7,24.5,17.6,4.1,2.5,7659,5,1
Power,2017,94.0,33.4,9.1,3.9,1.1,6754,9,1
Shoshone,2017,92.1,25.9,5.5,7.7,2.6,3129,1,1
Teton,2017,99.3,26.9,15.7,2.0,2.7,2815,2,1
Twin Falls,2017,94.3,11.3,15.4,10.1,1.9,6769,9,1
Valley,2017,95.8,34.4,14.2,6.2,2.0,2741,3,1
Washington,2017,85.3,30.3,14.9,2.0,2.6,3272,3,1
Ada,2018,85.5,15.0,18.2,8.8,1.9,5517,8,1
Adams,2018,82.8,35.1,5.8,7.5,2.5,4216,2,0
Bannock,2018,77.3,19.4,5.6,11.9,2.6,5107,6,0
Bear Lake,2018,95.8,26.2,17.7,7.0,2.5,8405,9,1
Benewah,2018,96.1,24.5,12.7,5.3,3.3,4276,2,1
Bingham,2018,95.7,31.4,15.5,5.5,1.9,3476,5,1
Blaine,2018,95.5,23.2,7.0,6.4,3.5,5181,9,1
Boise,2018,75.6,28.1,14.9,10.6,1.5,8570,6,0
Bonner,2018,76.6,36.6,11.3,8.0,4.7,7434,1,0
Bonneville,2018,79.3,22.5,16.4,13.6,1.3,4752,6,0
Boundary,2018,95.1,11.6,7.4,5.7,1.3,3645,4,1
Butte,2018,95.9,39.2,7.0,4.2,4.5,8485,9,1
Camas,2018,98.2,16.4,11.3,1.1,4.4,7118,5,1
Canyon,2018,94.5,19.4,8.7,10.8,2.5,5964,5,1
Caribou,2018,88.6,18.3,15.6,4.8,4.6,4623,7,1
Cassia,2018,77.3,22.3,7.5,4.1,2.3,3816,7,0
Clark,2018,98.3,12.9,11.8,5.7,4.5,2585,9,1
Clearwater,2018,91.6,36.1,16.4,11.2,2.9,6857,3,0
Custer,2018,79.0,27.2,17.1,11.6,1.6,3045,5,0
Elmore,2018,83.7,22.2,6.9,3.4,4.3,6094,2,1
Franklin,2018,92.4,15.8,14.6,4.6,4.5,8270,3,1
Fremont,2018,78.1,13.3,14.7,13.3,4.2,2988,3,0
Gem,2018,77.6,11.4,14.8,8.5,1.3,2245,1,1
Gooding,2018,75.8,23.3,12.6,2.6,1.7,4463,2,0
Idaho,2018,89.4,36.0,9.3,7.5,3.5,4878,1,0
Jefferson,2018,90.5,30.0,12.5,10.0,1.1,5007,7,1
Jerome,2018,95.6,26.7,16.7,1.2,4.3,2281,0,1
Kootenai,2018,87.3,15.9,14.8,11.9,4.2,6217,3,1
Latah,2018,77.6,13.8,19.7,10.4,4.4,4270,9,1
Lemhi,2018,97.2,38.3,16.5,1.1,1.0,4647,8,1
Lewis,2018,75.5,23.9,19.1,5.5,3.6,6566,4,0
Lincoln,2018,91.3,16.4,6.8,10.8,1.5,8978,9,1
Madison,2018,89.9,22.3,6.9,1.4,3.5,7647,3,1
Minidoka,2018,87.1,33.3,15.1,11.1,3.0,6434,8,0
Nez Perce,2018,99.1,11.5,18.4,9.1,3.3,5502,9,1
Oneida,2018,88.7,35.2,6.9,12.2,4.5,3055,5,0
Owyhee,2018,92.9,18.8,12.9,10.8,4.6,7545,0,1
Payette,2018,95.9,28.4,13.7,4.6,4.0,2572,4,1
Power,2018,91.5,29.0,13.9,1.2,3.9,4265,6,1
Shoshone,2018,88.9,20.3,7.0,2.3,4.3,8429,1,1
Teton,2018,83.0,36.8,14.7,5.0,2.2,8238,4,0
Twin Falls,2018,92.8,20.7,8.8,1.2,3.2,7958,3,1
Valley,2018,89.1,25.4,6.3,8.7,2.5,6250,8,1
Washington,2018,84.7,24.4,7.1,2.1,4.3,8838,5,1
Ada,2019,96.8,39.9,13.7,12.4,2.3,4140,0,0
Adams,2019,87.2,35.8,13.9,10.7,2.5,7170,4,0
Bannock,2019,89.5,30.8,15.5,11.5,4.5,5500,5,0
Bear Lake,2019,77.3,33.4,15.1,11.7,2.2,5444,5,0
Benewah,2019,80.8,16.8,13.3,8.3,2.1,4087,8,1
Bingham,2019,77.2,11.7,6.6,9.2,3.2,3636,9,1
Blaine,2019,82.4,38.0,12.8,4.8,2.6,6190,0,0
Boise,2019,90.3,36.9,17.1,9.2,3.9,4554,6,0
Bonner,2019,86.7,15.7,15.5,8.8,2.4,8379,4,1
Bonneville,2019,82.9,11.7,16.5,10.8,2.3,6730,0,1
Boundary,2019,91.9,19.2,10.6,8.7,4.2,4226,8,1
Butte,2019,84.4,11.9,10.1,8.1,1.6,6607,0,1
Camas,2019,77.7,13.4,19.1,13.2,2.8,8901,5,0
Canyon,2019,84.7,29.8,11.6,10.1,1.2,7696,9,0
Caribou,2019,93.3,14.1,8.0,3.5,2.0,5677,1,1
Cassia,2019,85.0,20.1,6.9,6.5,1.7,7141,5,1
Clark,2019,76.5,26.6,13.9,13.2,3.3,4418,2,0
Clearwater,2019,82.4,25.9,15.2,9.3,1.6,3205,2,0
Custer,2019,78.8,23.0,13.9,2.1,4.8,7286,6,1
Elmore,2019,87.6,16.0,9.7,12.1,4.7,4519,9,1
Franklin,2019,81.9,38.2,6.9,13.3,4.9,3240,5,0
Fremont,2019,90.1,34.1,12.0,6.9,5.0,2073,9,1
Gem,2019,87.0,34.3,19.3,1.3,4.9,2603,6,1
Gooding,2019,80.7,27.0,10.3,9.5,1.1,2815,1,0
Idaho,2019,90.0,37.1,10.7,4.0,2.8,2339,9,1
Jefferson,2019,86.0,16.0,9.0,8.0,1.3,3527,5,1
Jerome,2019,86.7,23.4,5.2,4.5,4.5,3152,2,1
Kootenai,2019,90.6,27.1,7.8,1.8,3.4,7346,9,1
Latah,2019,88.6,21.2,14.4,1.2,1.6,7196,2,1
Lemhi,2019,76.3,21.9,12.7,7.8,2.5,7874,3,0
Lewis,2019,86.9,10.2,5.4,8.7,3.1,8962,8,1
Lincoln,2019,88.9,38.8,5.7,2.4,1.2,3297,7,1
Madison,2019,88.1,23.5,10.0,9.2,2.8,5161,1,0
Minidoka,2019,79.2,13.8,6.8,8.3,2.0,4507,5,1
Nez Perce,2019,92.1,38.5,7.1,6.3,3.2,2537,8,0
Oneida,2019,76.4,19.9,16.5,6.8,3.6,6057,3,0
Owyhee,2019,79.4,13.0,19.4,9.4,3.9,4208,4,1
Payette,2019,77.4,15.4,17.0,10.5,3.2,5326,1,0
Power,2019,90.7,29.4,17.7,5.5,3.7,8731,7,1
Shoshone,2019,85.0,22.3,19.7,3.5,4.2,4339,6,1
Teton,2019,81.8,31.9,10.6,8.3,1.3,3269,4,0
Twin Falls,2019,92.3,14.2,11.2,8.7,2.6,5637,5,1
Valley,2019,76.5,29.0,16.5,14.9,1.0,7111,5,0
Washington,2019,97.0,37.2,19.9,3.9,2.4,6685,6,1
Ada,2020,89.7,38.2,10.2,4.4,3.6,3392,1,0
Adams,2020,76.7,34.8,8.8,7.6,1.2,6895,8,0
Bannock,2020,93.6,22.4,7.9,8.2,1.5,5084,3,1
Bear Lake,2020,81.5,22.6,14.0,8.2,2.2,2045,5,1
Benewah,2020,97.7,17.3,6.4,5.5,1.4,2900,4,1
Bingham,2020,86.8,12.7,14.4,8.7,2.6,5650,0,1
Blaine,2020,79.9,10.7,17.9,9.1,4.6,6179,2,1
Boise,2020,95.2,28.3,9.4,4.6,2.3,3152,7,1
Bonner,2020,81.2,19.2,13.3,9.2,2.7,6308,6,1
Bonneville,2020,93.1,33.2,15.7,9.1,1.1,4523,3,1
Boundary,2020,91.2,30.1,17.0,14.1,1.1,3076,3,0
Butte,2020,92.7,29.9,17.1,13.4,4.3,2133,9,1
Camas,2020,80.2,14.0,14.6,5.5,1.2,2963,2,1
Canyon,2020,97.6,10.7,8.1,6.8,2.4,8382,8,1
Caribou,2020,94.0,19.4,11.2,3.9,4.9,6519,6,1
Cassia,2020,84.6,21.2,18.3,3.1,1.6,4300,6,1
Clark,2020,78.3,30.2,15.9,9.1,1.8,5531,9,0
Clearwater,2020,78.7,16.2,9.7,9.9,2.6,2048,7,0
Custer,2020,95.6,33.9,9.9,11.7,1.6,6604,3,0
Elmore,2020,84.4,20.2,5.9,7.8,1.4,3740,3,0
Franklin,2020,87.1,26.4,18.9,13.2,4.1,3916,5,0
Fremont,2020,92.3,38.4,15.2,5.6,3.0,6520,9,1
Gem,2020,81.1,19.2,6.0,3.5,1.0,5118,4,1
Gooding,2020,92.1,17.1,19.2,13.2,2.2,7483,6,1
Idaho,2020,78.3,31.2,16.1,10.5,2.0,8111,5,0
Jefferson,2020,82.7,35.8,19.4,4.0,1.4,3362,9,1
Jerome,2020,88.7,15.7,15.8,8.2,3.4,5226,4,1
Kootenai,2020,99.5,38.0,19.0,6.6,2.9,6939,0,1
Latah,2020,82.6,14.2,14.2,5.3,2.3,2496,1,1
Lemhi,2020,90.8,18.1,8.7,14.2,2.2,7429,3,1
Lewis,2020,88.6,39.3,10.5,6.0,2.4,5644,5,0
Lincoln,2020,86.6,11.0,6.8,6.8,1.3,4777,1,1
Madison,2020,76.8,29.9,13.9,6.8,2.7,7495,2,0
Minidoka,2020,97.4,35.6,15.1,2.9,2.1,2322,3,1
Nez Perce,2020,87.8,19.6,13.9,14.9,2.7,8445,2,0
Oneida,2020,76.4,16.1,11.3,4.1,1.0,8405,5,1
Owyhee,2020,93.6,15.0,6.8,1.9,3.9,8502,0,1
Payette,2020,92.6,19.2,8.6,2.0,4.0,6977,9,1
Power,2020,77.8,11.1,19.9,4.3,1.2,3329,7,1
Shoshone,2020,90.6,12.4,11.8,11.3,3.7,7706,0,1
Teton,2020,96.5,36.0,5.1,11.9,2.8,8922,7,0
Twin Falls,2020,83.0,26.9,9.2,12.0,4.5,4790,1,0
Valley,2020,77.4,31.2,10.2,1.1,2.6,3643,2,0
Washington,2020,75.5,37.1,6.0,14.9,4.8,2959,6,0
Ada,2021,79.7,26.7,9.4,6.8,2.5,8131,3,0
Adams,2021,95.2,32.1,13.1,12.8,2.4,6962,9,1
Bannock,2021,82.5,19.6,7.5,12.0,1.5,6444,2,0
Bear Lake,2021,83.2,10.6,16.4,1.6,4.5,2831,0,1
Benewah,2021,98.9,17.4,17.9,3.4,4.4,2093,0,1
Bingham,2021,95.9,25.1,5.2,12.2,4.9,6241,1,1
Blaine,2021,84.4,21.8,13.2,3.2,3.8,3173,0,1
Boise,2021,87.6,33.9,16.1,10.0,1.6,5829,5,0
Bonner,2021,94.8,16.6,7.8,14.3,1.8,3826,9,1
Bonneville,2021,93.4,31.0,17.8,2.6,3.8,5526,9,1
Boundary,2021,77.7,39.4,10.7,11.9,2.4,6394,6,0
Butte,2021,90.8,23.5,13.0,11.4,4.3,6876,6,1
Camas,2021,95.5,26.9,15.1,14.0,3.5,7774,3,1
Canyon,2021,88.8,17.3,11.4,14.5,3.6,5951,7,1
Caribou,2021,89.7,25.8,16.4,11.0,1.8,5299,9,1
Cassia,2021,79.5,13.3,18.3,5.8,3.7,2177,9,1
Clark,2021,82.9,11.7,14.1,4.4,2.5,2564,7,1
Clearwater,2021,80.2,26.3,8.5,12.9,2.6,3719,7,0
Custer,2021,82.7,37.8,7.4,14.5,1.8,7191,4,0
Elmore,2021,86.1,18.5,6.2,13.3,3.9,4110,1,0
Franklin,2021,80.0,36.7,6.7,1.1,3.0,6082,8,0
Fremont,2021,82.9,25.0,8.2,13.2,1.3,5412,9,0
Gem,2021,83.6,38.8,11.7,7.8,2.4,8367,0,0
Gooding,2021,82.5,22.9,9.7,11.2,4.2,7831,7,0
Idaho,2021,94.8,38.2,14.3,11.4,4.2,7915,0,0
Jefferson,2021,76.3,22.1,15.1,7.3,4.0,4499,3,0
Jerome,2021,79.7,32.5,13.2,3.9,2.2,7240,3,0
Kootenai,2021,80.4,39.0,15.7,14.4,2.7,5326,9,0
Latah,2021,88.1,31.2,8.8,7.3,1.5,3442,3,0
Lemhi,2021,76.3,10.7,10.4,5.7,2.6,2969,1,1
Lewis,2021,78.8,31.8,14.0,11.2,4.1,8828,2,0
Lincoln,2021,83.5,29.5,6.0,13.6,1.5,4295,5,0
Madison,2021,89.9,21.8,12.1,13.0,2.4,8088,4,1
Minidoka,2021,94.4,35.4,7.7,7.0,1.7,6946,4,1
Nez Perce,2021,78.0,14.2,9.3,8.3,4.0,7856,5,1
Oneida,2021,96.4,30.0,11.5,14.3,3.9,8511,6,1
Owyhee,2021,81.5,11.6,15.9,2.7,2.2,5727,6,1
Payette,2021,90.0,15.0,10.7,9.6,4.9,7093,1,1
Power,2021,78.0,31.6,7.8,5.6,2.9,2173,8,0
Shoshone,2021,85.2,18.4,7.0,11.2,4.3,3802,3,0
Teton,2021,77.1,23.1,14.9,7.1,2.1,5907,1,0
Twin Falls,2021,76.7,36.8,10.8,5.0,3.9,7855,5,0
Valley,2021,83.4,37.6,5.2,8.7,4.0,5395,9,0
Washington,2021,91.8,20.1,7.7,4.9,2.8,5328,1,1
Ada,2022,76.9,13.2,17.6,4.4,1.8,5534,3,1
Adams,2022,84.4,39.4,12.0,12.1,2.6,4975,6,0
Bannock,2022,77.9,11.4,11.6,12.8,2.0,4952,1,0
Bear Lake,2022,90.4,35.8,10.2,10.2,2.4,6321,4,0
Benewah,2022,77.5,33.0,19.5,14.6,4.5,6206,7,0
Bingham,2022,87.9,35.4,15.3,5.1,1.8,3856,0,0
Blaine,2022,77.4,22.6,6.7,3.4,3.2,3152,5,0
Boise,2022,81.2,20.3,17.8,8.8,3.1,2697,1,0
Bonner,2022,84.4,28.1,6.2,10.6,4.7,6030,6,0
Bonneville,2022,89.5,33.0,11.1,13.3,3.6,8295,8,0
Boundary,2022,78.3,19.3,8.0,13.7,4.0,6735,3,0
Butte,2022,93.9,24.2,8.4,9.6,1.2,4283,0,1
Camas,2022,99.6,16.3,7.0,3.8,4.1,4979,4,1
Canyon,2022,82.9,10.3,10.7,5.2,1.1,5538,4,1
Caribou,2022,97.8,21.6,17.4,2.9,4.7,7260,9,1
Cassia,2022,87.2,34.4,6.5,7.0,3.5,3506,8,0
Clark,2022,94.1,37.9,8.1,12.2,4.0,2447,2,0
Clearwater,2022,81.1,16.1,19.3,13.9,1.2,4372,6,1
Custer,2022,84.4,34.1,11.5,13.2,1.7,8634,8,0
Elmore,2022,83.2,32.7,10.9,9.5,2.8,7197,9,0
Franklin,2022,98.1,16.9,9.3,6.2,3.7,2828,7,1
Fremont,2022,89.6,36.5,7.3,9.4,3.7,4935,0,0
Gem,2022,82.1,27.6,8.8,14.1,1.5,7582,7,0
Gooding,2022,82.8,25.4,17.9,7.5,2.4,5753,3,1
Idaho,2022,98.5,18.8,12.1,11.6,3.8,8045,1,1
Jefferson,2022,87.0,12.1,13.2,6.8,4.5,3428,6,1
Jerome,2022,79.0,11.9,17.3,5.4,2.6,5519,4,1
Kootenai,2022,96.4,19.1,7.9,2.8,2.2,7460,6,1
Latah,2022,75.2,12.3,10.6,12.5,1.0,5197,8,0
Lemhi,2022,79.5,36.7,11.9,10.9,4.9,2351,7,0
Lewis,2022,78.1,38.8,14.5,11.7,1.3,2329,9,0
Lincoln,2022,78.4,24.0,14.1,7.0,1.1,7485,0,0
Madison,2022,77.8,28.3,13.5,12.1,4.9,3756,5,0
Minidoka,2022,97.7,33.6,12.3,14.2,1.2,8517,3,0
Nez Perce,2022,86.3,18.4,19.4,3.0,3.3,3978,2,1
Oneida,2022,85.1,40.0,5.8,9.1,1.3,3082,5,0
Owyhee,2022,76.6,12.2,6.7,13.2,2.9,6990,5,0
Payette,2022,83.4,27.1,18.6,1.1,4.2,8639,6,1
Power,2022,89.3,28.3,19.1,12.0,1.1,5739,3,0
Shoshone,2022,93.7,16.4,18.0,14.4,1.9,8178,7,1
Teton,2022,79.2,39.3,17.8,8.0,3.4,3591,2,0
Twin Falls,2022,77.6,18.9,6.4,10.4,1.5,7963,2,0
Valley,2022,75.3,36.9,5.4,4.4,1.1,4351,2,0
Washington,2022,89.4,20.3,17.1,4.3,1.9,5532,6,1
Ada,2023,87.8,23.4,19.5,9.0,4.5,2976,1,1
Adams,2023,96.7,27.5,15.8,6.2,1.4,5205,8,1
Bannock,2023,96.7,17.3,19.5,14.4,2.0,4436,3,1
Bear Lake,2023,95.9,19.7,18.3,3.2,1.7,3867,3,1
Benewah,2023,80.8,13.2,17.3,2.9,4.0,2335,9,1
Bingham,2023,83.0,15.8,9.6,14.6,2.6,5113,9,0
Blaine,2023,94.7,22.2,5.0,12.9,2.5,5472,1,1
Boise,2023,76.6,27.9,16.1,4.0,4.4,2212,1,0
Bonner,2023,85.4,19.3,19.1,10.5,1.5,2482,0,1
Bonneville,2023,90.5,26.3,6.9,5.1,2.0,3495,4,1
Boundary,2023,93.1,10.2,12.6,3.0,4.5,8101,2,1
Butte,2023,95.0,17.2,6.0,5.4,2.1,5541,7,1
Camas,2023,77.3,32.4,5.2,10.0,1.7,3627,0,0
Canyon,2023,92.5,10.3,11.1,5.6,3.8,7364,6,1
Caribou,2023,96.6,34.5,19.8,13.7,4.4,2368,8,1
Cassia,2023,91.6,28.3,18.7,3.2,4.0,5978,2,1
Clark,2023,86.9,20.0,13.7,13.4,3.3,6422,1,0
Clearwater,2023,86.1,10.8,11.7,5.2,4.7,2872,3,1
Custer,2023,83.1,17.7,12.0,2.9,4.7,8074,6,1
Elmore,2023,77.7,33.3,17.1,11.7,1.5,6507,7,0
Franklin,2023,89.4,29.4,11.9,8.4,1.1,6473,4,1
Fremont,2023,96.7,25.0,9.4,4.7,2.7,8993,6,1
Gem,2023,79.1,13.1,7.2,13.3,3.1,5271,4,0
Gooding,2023,91.2,36.0,17.4,9.8,1.3,2787,9,1
Idaho,2023,81.4,14.1,8.9,6.4,4.8,6273,9,1
Jefferson,2023,87.7,27.2,19.0,13.0,1.7,5057,2,0
Jerome,2023,94.7,28.1,14.8,15.0,1.3,3561,6,1
Kootenai,2023,99.4,39.3,6.0,12.5,3.6,6531,2,0
Latah,2023,88.5,17.7,16.5,11.5,3.4,3489,1,1
Lemhi,2023,95.7,31.0,11.9,1.8,2.7,5283,9,1
Lewis,2023,81.9,21.9,19.0,5.7,4.7,8867,4,1
Lincoln,2023,83.9,30.5,14.9,11.0,2.1,4210,0,0
Madison,2023,75.3,14.2,15.7,14.6,4.9,5458,1,0
Minidoka,2023,91.8,34.6,8.7,6.9,4.4,8140,7,1
Nez Perce,2023,86.2,30.1,10.0,4.6,3.5,2175,7,1
Oneida,2023,76.2,35.3,11.6,5.8,3.2,2639,9,0
Owyhee,2023,93.8,31.8,18.0,3.7,2.6,8635,8,1
Payette,2023,96.0,10.5,5.7,9.0,4.3,4287,8,1
Power,2023,82.1,39.8,19.5,7.2,2.0,7869,7,0
Shoshone,2023,93.5,30.3,8.1,5.9,1.5,2909,8,1
Teton,2023,94.0,28.6,6.2,8.2,2.4,4300,5,1
Twin Falls,2023,89.5,28.5,16.7,10.8,4.3,2393,4,1
Valley,2023,87.4,38.5,9.5,1.3,2.7,2231,8,1
Washington,2023,79.2,31.4,7.6,4.3,3.0,8404,0,0
Ada,2024,75.4,37.6,19.6,4.1,1.8,7276,2,0
Adams,2024,80.8,14.7,15.3,9.3,4.0,4166,4,1
Bannock,2024,85.1,39.5,9.4,5.1,2.4,5952,6,0
Bear Lake,2024,97.9,18.0,18.4,2.4,3.6,8349,6,1
Benewah,2024,80.6,26.4,15.3,3.7,3.1,5283,2,1
Bingham,2024,82.6,12.8,7.2,2.5,2.7,7569,2,1
Blaine,2024,78.3,29.3,8.0,2.4,1.7,8466,4,0
Boise,2024,79.1,13.7,10.5,4.2,1.9,2383,6,1
Bonner,2024,77.6,15.2,11.5,8.1,1.6,4973,0,0
Bonneville,2024,79.1,30.8,15.1,14.7,4.9,6807,2,0
Boundary,2024,95.0,13.2,16.7,13.7,2.5,6414,6,1
Butte,2024,80.4,12.3,13.6,2.4,2.8,8583,4,1
Camas,2024,96.9,32.1,8.8,1.9,2.1,8385,1,1
Canyon,2024,93.0,17.7,15.8,1.4,2.5,6387,8,1
Caribou,2024,77.4,36.9,19.0,14.7,4.5,3218,5,0
Cassia,2024,75.4,37.3,9.0,12.5,5.0,3480,3,0
Clark,2024,85.3,30.4,8.6,2.2,4.1,6411,4,1
Clearwater,2024,99.4,38.9,7.5,5.2,1.4,3902,2,1
Custer,2024,80.1,17.8,6.4,6.6,2.7,5602,2,0
Elmore,2024,79.2,39.6,17.3,4.9,1.3,2396,1,0
Franklin,2024,81.1,19.2,12.2,1.9,3.4,8886,8,1
Fremont,2024,93.8,25.0,6.9,9.2,2.2,2241,8,1
Gem,2024,95.4,23.0,16.9,9.3,4.5,4877,1,1
Gooding,2024,81.2,37.3,7.3,9.8,1.1,6506,4,0
Idaho,2024,80.9,16.3,16.0,5.5,3.0,3138,8,1
Jefferson,2024,79.8,31.5,15.0,5.8,1.1,6829,7,0
Jerome,2024,90.8,23.1,12.9,3.8,4.0,7225,0,1
Kootenai,2024,86.1,32.0,8.5,12.4,3.4,3475,4,0
Latah,2024,86.0,12.1,13.7,9.4,4.0,2204,6,1
Lemhi,2024,76.3,31.0,5.8,13.8,3.8,5552,0,0
Lewis,2024,78.3,18.7,18.0,13.7,1.0,6159,8,0
Lincoln,2024,87.3,15.8,12.0,4.4,4.7,4348,5,1
Madison,2024,87.2,38.0,14.6,13.6,2.8,3046,8,0
Minidoka,2024,90.6,23.4,16.7,4.1,1.7,4844,1,1
Nez Perce,2024,92.8,22.6,12.8,2.2,4.9,6665,0,1
Oneida,2024,92.9,22.9,9.6,14.5,4.9,4026,3,0
Owyhee,2024,94.4,30.2,14.2,13.5,1.3,4316,7,1
Payette,2024,84.7,32.0,15.3,4.0,2.0,3969,9,1
Power,2024,98.1,21.0,6.6,10.8,2.2,3882,1,1
Shoshone,2024,92.0,34.8,7.2,3.2,4.2,6314,0,1
Teton,2024,78.0,29.0,18.5,9.7,1.5,2810,9,0
Twin Falls,2024,78.5,25.6,5.6,2.1,3.7,6824,9,1
Valley,2024,98.4,34.8,16.9,3.8,4.2,7951,8,1
Washington,2024,98.5,15.5,13.5,6.3,4.9,3915,4,1
