FIRE_YEAR,COUNTY,fire_count,total_acres,max_fire_size,YEAR,avg_temp_f,max_temp_f,min_temp_f,total_precip_in,avg_wind,max_wind,fire_occurred,large_fire
2005,Ada,28,10272.0,8347.0,2005,78.20769291816076,95.22666666666667,31.033333333333335,2.275148514851485,7.917268276972624,14.063333333333333,1,1
2005,Bannock,12,8783.9,8282.0,2005,78.20769291816076,95.22666666666667,31.033333333333335,2.275148514851485,7.917268276972624,14.063333333333333,1,1
2005,Bear Lake,1,1.0,1.0,2005,78.20769291816076,95.22666666666667,31.033333333333335,2.275148514851485,7.917268276972624,14.063333333333333,1,0
2005,Bingham,16,19628.4,16892.1,2005,78.20769291816076,95.22666666666667,31.033333333333335,2.275148514851485,7.917268276972624,14.063333333333333,1,1
2005,Blaine,7,24944.6,24810.0,2005,78.20769291816076,95.22666666666667,31.033333333333335,2.275148514851485,7.917268276972624,14.063333333333333,1,1
2005,Boise,1,183.0,183.0,2005,78.20769291816076,95.22666666666667,31.033333333333335,2.275148514851485,7.917268276972624,14.063333333333333,1,0
2005,Bonneville,8,114.8,93.0,2005,78.20769291816076,95.22666666666667,31.033333333333335,2.275148514851485,7.917268276972624,14.063333333333333,1,0
2005,Butte,4,40.5,35.5,2005,78.20769291816076,95.22666666666667,31.033333333333335,2.275148514851485,7.917268276972624,14.063333333333333,1,0
2005,Camas,2,153.1,153.0,2005,78.20769291816076,95.22666666666667,31.033333333333335,2.275148514851485,7.917268276972624,14.063333333333333,1,0
2005,Caribou,1,6.0,6.0,2005,78.20769291816076,95.22666666666667,31.033333333333335,2.275148514851485,7.917268276972624,14.063333333333333,1,0
2005,Cassia,16,1627.6,588.0,2005,78.20769291816076,95.22666666666667,31.033333333333335,2.275148514851485,7.917268276972624,14.063333333333333,1,1
2005,Clark,1,827.0,827.0,2005,78.20769291816076,95.22666666666667,31.033333333333335,2.275148514851485,7.917268276972624,14.063333333333333,1,0
2005,Custer,6,51.6,50.0,2005,78.20769291816076,95.22666666666667,31.033333333333335,2.275148514851485,7.917268276972624,14.063333333333333,1,0
2005,Elmore,51,20488.5,6969.4,2005,78.20769291816076,95.22666666666667,31.033333333333335,2.275148514851485,7.917268276972624,14.063333333333333,1,1
2005,Fremont,2,5.1,5.0,2005,78.20769291816076,95.22666666666667,31.033333333333335,2.275148514851485,7.917268276972624,14.063333333333333,1,0
2005,Gem,4,72.3,59.0,2005,78.20769291816076,95.22666666666667,31.033333333333335,2.275148514851485,7.917268276972624,14.063333333333333,1,0
2005,Gooding,26,1319.0,343.3,2005,78.20769291816076,95.22666666666667,31.033333333333335,2.275148514851485,7.917268276972624,14.063333333333333,1,1
2005,Idaho,2,9705.0,4974.0,2005,78.20769291816076,95.22666666666667,31.033333333333335,2.275148514851485,7.917268276972624,14.063333333333333,1,1
2005,Jefferson,2,159.4,159.3,2005,78.20769291816076,95.22666666666667,31.033333333333335,2.275148514851485,7.917268276972624,14.063333333333333,1,0
2005,Jerome,32,7841.7,5176.3,2005,78.20769291816076,95.22666666666667,31.033333333333335,2.275148514851485,7.917268276972624,14.063333333333333,1,1
2005,Lemhi,11,42.0,20.0,2005,78.20769291816076,95.22666666666667,31.033333333333335,2.275148514851485,7.917268276972624,14.063333333333333,1,0
2005,Lincoln,17,8824.0,7284.0,2005,78.20769291816076,95.22666666666667,31.033333333333335,2.275148514851485,7.917268276972624,14.063333333333333,1,1
2005,Madison,1,0.8,0.8,2005,78.20769291816076,95.22666666666667,31.033333333333335,2.275148514851485,7.917268276972624,14.063333333333333,1,0
2005,Minidoka,6,47657.4,47592.0,2005,78.20769291816076,95.22666666666667,31.033333333333335,2.275148514851485,7.917268276972624,14.063333333333333,1,1
2005,Nez Perce,1,310.0,310.0,2005,78.20769291816076,95.22666666666667,31.033333333333335,2.275148514851485,7.917268276972624,14.063333333333333,1,0
2005,Oneida,5,3110.5,3105.6,2005,78.20769291816076,95.22666666666667,31.033333333333335,2.275148514851485,7.917268276972624,14.063333333333333,1,1
2005,Owyhee,30,211227.9,192846.1,2005,78.20769291816076,95.22666666666667,31.033333333333335,2.275148514851485,7.917268276972624,14.063333333333333,1,1
2005,Payette,3,976.0,968.0,2005,78.20769291816076,95.22666666666667,31.033333333333335,2.275148514851485,7.917268276972624,14.063333333333333,1,0
2005,Power,6,10718.9,10629.5,2005,78.20769291816076,95.22666666666667,31.033333333333335,2.275148514851485,7.917268276972624,14.063333333333333,1,1
2005,Twin Falls,12,8943.5,5849.4,2005,78.20769291816076,95.22666666666667,31.033333333333335,2.275148514851485,7.917268276972624,14.063333333333333,1,1
2005,Washington,2,1259.0,1256.0,2005,78.20769291816076,95.22666666666667,31.033333333333335,2.275148514851485,7.917268276972624,14.063333333333333,1,1
2006,Ada,28,2236.5,1166.0,2006,81.48481063077563,97.73578595317726,32.561872909699,1.9998344370860928,7.6422951042751235,12.976,1,1
2006,Bannock,21,100.7,59.0,2006,81.48481063077563,97.73578595317726,32.561872909699,1.9998344370860928,7.6422951042751235,12.976,1,0
2006,Bear Lake,1,236.4,236.4,2006,81.48481063077563,97.73578595317726,32.561872909699,1.9998344370860928,7.6422951042751235,12.976,1,0
2006,Bingham,7,220414.3,220042.1,2006,81.48481063077563,97.73578595317726,32.561872909699,1.9998344370860928,7.6422951042751235,12.976,1,1
2006,Blaine,4,272.29999999999995,266.9,2006,81.48481063077563,97.73578595317726,32.561872909699,1.9998344370860928,7.6422951042751235,12.976,1,0
2006,Boise,1,324.0,324.0,2006,81.48481063077563,97.73578595317726,32.561872909699,1.9998344370860928,7.6422951042751235,12.976,1,0
2006,Bonneville,7,1423.7,881.5,2006,81.48481063077563,97.73578595317726,32.561872909699,1.9998344370860928,7.6422951042751235,12.976,1,1
2006,Butte,3,307.0,300.5,2006,81.48481063077563,97.73578595317726,32.561872909699,1.9998344370860928,7.6422951042751235,12.976,1,0
2006,Camas,1,12.5,12.5,2006,81.48481063077563,97.73578595317726,32.561872909699,1.9998344370860928,7.6422951042751235,12.976,1,0
2006,Caribou,1,0.6,0.6,2006,81.48481063077563,97.73578595317726,32.561872909699,1.9998344370860928,7.6422951042751235,12.976,1,0
2006,Cassia,29,13778.3,9041.4,2006,81.48481063077563,97.73578595317726,32.561872909699,1.9998344370860928,7.6422951042751235,12.976,1,1
2006,Clark,3,1686.7,1652.0,2006,81.48481063077563,97.73578595317726,32.561872909699,1.9998344370860928,7.6422951042751235,12.976,1,1
2006,Clearwater,1,2467.0,2467.0,2006,81.48481063077563,97.73578595317726,32.561872909699,1.9998344370860928,7.6422951042751235,12.976,1,1
2006,Custer,5,35122.8,35122.0,2006,81.48481063077563,97.73578595317726,32.561872909699,1.9998344370860928,7.6422951042751235,12.976,1,1
2006,Elmore,59,37152.9,13070.0,2006,81.48481063077563,97.73578595317726,32.561872909699,1.9998344370860928,7.6422951042751235,12.976,1,1
2006,Fremont,4,11400.9,9676.6,2006,81.48481063077563,97.73578595317726,32.561872909699,1.9998344370860928,7.6422951042751235,12.976,1,1
2006,Gem,4,19.3,17.0,2006,81.48481063077563,97.73578595317726,32.561872909699,1.9998344370860928,7.6422951042751235,12.976,1,0
2006,Gooding,16,18716.3,11443.1,2006,81.48481063077563,97.73578595317726,32.561872909699,1.9998344370860928,7.6422951042751235,12.976,1,1
2006,Idaho,1,0.2,0.2,2006,81.48481063077563,97.73578595317726,32.561872909699,1.9998344370860928,7.6422951042751235,12.976,1,0
2006,Jefferson,1,3.8,3.8,2006,81.48481063077563,97.73578595317726,32.561872909699,1.9998344370860928,7.6422951042751235,12.976,1,0
2006,Jerome,14,2081.0,673.5,2006,81.48481063077563,97.73578595317726,32.561872909699,1.9998344370860928,7.6422951042751235,12.976,1,1
2006,Lemhi,11,125.2,53.0,2006,81.48481063077563,97.73578595317726,32.561872909699,1.9998344370860928,7.6422951042751235,12.976,1,0
2006,Lincoln,23,43453.6,26621.8,2006,81.48481063077563,97.73578595317726,32.561872909699,1.9998344370860928,7.6422951042751235,12.976,1,1
2006,Madison,1,2.2,2.2,2006,81.48481063077563,97.73578595317726,32.561872909699,1.9998344370860928,7.6422951042751235,12.976,1,0
2006,Minidoka,13,5681.200000000001,3905.4,2006,81.48481063077563,97.73578595317726,32.561872909699,1.9998344370860928,7.6422951042751235,12.976,1,1
2006,Oneida,15,38623.9,31568.0,2006,81.48481063077563,97.73578595317726,32.561872909699,1.9998344370860928,7.6422951042751235,12.976,1,1
2006,Owyhee,42,80582.09999999999,61929.1,2006,81.48481063077563,97.73578595317726,32.561872909699,1.9998344370860928,7.6422951042751235,12.976,1,1
2006,Payette,3,275.0,151.0,2006,81.48481063077563,97.73578595317726,32.561872909699,1.9998344370860928,7.6422951042751235,12.976,1,0
2006,Power,9,7637.2,4393.4,2006,81.48481063077563,97.73578595317726,32.561872909699,1.9998344370860928,7.6422951042751235,12.976,1,1
2006,Twin Falls,35,1933.9,977.5,2006,81.48481063077563,97.73578595317726,32.561872909699,1.9998344370860928,7.6422951042751235,12.976,1,1
2006,Washington,9,67432.7,54350.0,2006,81.48481063077563,97.73578595317726,32.561872909699,1.9998344370860928,7.6422951042751235,12.976,1,1
2007,Ada,114,6557.9,2695.0,2007,82.44711691788137,97.78333333333333,34.026666666666664,1.5656435643564357,6.324706060226066,20.916428571428572,1,1
2007,Adams,1,1.2999999999999998,0.7,2007,82.44711691788137,97.78333333333333,34.026666666666664,1.5656435643564357,6.324706060226066,20.916428571428572,1,0
2007,Bannock,16,3390.9,1634.5,2007,82.44711691788137,97.78333333333333,34.026666666666664,1.5656435643564357,6.324706060226066,20.916428571428572,1,1
2007,Bear Lake,2,2950.0,2945.0,2007,82.44711691788137,97.78333333333333,34.026666666666664,1.5656435643564357,6.324706060226066,20.916428571428572,1,1
2007,Benewah,1,534.67,505.0,2007,82.44711691788137,97.78333333333333,34.026666666666664,1.5656435643564357,6.324706060226066,20.916428571428572,1,0
2007,Bingham,14,13624.3,9434.0,2007,82.44711691788137,97.78333333333333,34.026666666666664,1.5656435643564357,6.324706060226066,20.916428571428572,1,1
2007,Blaine,13,35895.1,29532.0,2007,82.44711691788137,97.78333333333333,34.026666666666664,1.5656435643564357,6.324706060226066,20.916428571428572,1,1
2007,Boise,1,43.65,20.0,2007,82.44711691788137,97.78333333333333,34.026666666666664,1.5656435643564357,6.324706060226066,20.916428571428572,1,0
2007,Bonner,0,51.400000000000006,16.8,2007,82.44711691788137,97.78333333333333,34.026666666666664,1.5656435643564357,6.324706060226066,20.916428571428572,0,0
2007,Bonneville,4,6232.3,6224.6,2007,82.44711691788137,97.78333333333333,34.026666666666664,1.5656435643564357,6.324706060226066,20.916428571428572,1,1
2007,Boundary,0,43.54,20.0,2007,82.44711691788137,97.78333333333333,34.026666666666664,1.5656435643564357,6.324706060226066,20.916428571428572,0,0
2007,Butte,4,18.3,16.0,2007,82.44711691788137,97.78333333333333,34.026666666666664,1.5656435643564357,6.324706060226066,20.916428571428572,1,0
2007,Camas,2,5480.0,5280.0,2007,82.44711691788137,97.78333333333333,34.026666666666664,1.5656435643564357,6.324706060226066,20.916428571428572,1,1
2007,Canyon,9,1113.0,512.0,2007,82.44711691788137,97.78333333333333,34.026666666666664,1.5656435643564357,6.324706060226066,20.916428571428572,1,1
2007,Caribou,3,131.8,131.4,2007,82.44711691788137,97.78333333333333,34.026666666666664,1.5656435643564357,6.324706060226066,20.916428571428572,1,0
2007,Cassia,40,20890.8,7030.0,2007,82.44711691788137,97.78333333333333,34.026666666666664,1.5656435643564357,6.324706060226066,20.916428571428572,1,1
2007,Clark,5,64.3,29.5,2007,82.44711691788137,97.78333333333333,34.026666666666664,1.5656435643564357,6.324706060226066,20.916428571428572,1,0
2007,Clearwater,0,28.8,8.0,2007,82.44711691788137,97.78333333333333,34.026666666666664,1.5656435643564357,6.324706060226066,20.916428571428572,0,0
2007,Custer,4,3.2,2.0,2007,82.44711691788137,97.78333333333333,34.026666666666664,1.5656435643564357,6.324706060226066,20.916428571428572,1,0
2007,Elmore,42,14840.8,5316.0,2007,82.44711691788137,97.78333333333333,34.026666666666664,1.5656435643564357,6.324706060226066,20.916428571428572,1,1
2007,Franklin,4,17119.0,13784.0,2007,82.44711691788137,97.78333333333333,34.026666666666664,1.5656435643564357,6.324706060226066,20.916428571428572,1,1
2007,Fremont,2,1615.0,1011.0,2007,82.44711691788137,97.78333333333333,34.026666666666664,1.5656435643564357,6.324706060226066,20.916428571428572,1,1
2007,Gem,7,4613.5,3962.0,2007,82.44711691788137,97.78333333333333,34.026666666666664,1.5656435643564357,6.324706060226066,20.916428571428572,1,1
2007,Gooding,11,5717.2,3835.0,2007,82.44711691788137,97.78333333333333,34.026666666666664,1.5656435643564357,6.324706060226066,20.916428571428572,1,1
2007,Idaho,3,6237.45,5700.0,2007,82.44711691788137,97.78333333333333,34.026666666666664,1.5656435643564357,6.324706060226066,20.916428571428572,1,1
2007,Jefferson,1,58.0,58.0,2007,82.44711691788137,97.78333333333333,34.026666666666664,1.5656435643564357,6.324706060226066,20.916428571428572,1,0
2007,Jerome,13,276.7,265.0,2007,82.44711691788137,97.78333333333333,34.026666666666664,1.5656435643564357,6.324706060226066,20.916428571428572,1,0
2007,Kootenai,0,85.59,35.0,2007,82.44711691788137,97.78333333333333,34.026666666666664,1.5656435643564357,6.324706060226066,20.916428571428572,0,0
2007,Latah,1,126.49,100.0,2007,82.44711691788137,97.78333333333333,34.026666666666664,1.5656435643564357,6.324706060226066,20.916428571428572,1,0
2007,Lemhi,10,92.3,59.0,2007,82.44711691788137,97.78333333333333,34.026666666666664,1.5656435643564357,6.324706060226066,20.916428571428572,1,0
2007,Lincoln,14,46715.6,45862.0,2007,82.44711691788137,97.78333333333333,34.026666666666664,1.5656435643564357,6.324706060226066,20.916428571428572,1,1
2007,Madison,1,16.6,16.6,2007,82.44711691788137,97.78333333333333,34.026666666666664,1.5656435643564357,6.324706060226066,20.916428571428572,1,0
2007,Minidoka,11,4492.3,3003.0,2007,82.44711691788137,97.78333333333333,34.026666666666664,1.5656435643564357,6.324706060226066,20.916428571428572,1,1
2007,Nez Perce,0,155.25,155.0,2007,82.44711691788137,97.78333333333333,34.026666666666664,1.5656435643564357,6.324706060226066,20.916428571428572,0,0
2007,Oneida,9,22419.1,16312.0,2007,82.44711691788137,97.78333333333333,34.026666666666664,1.5656435643564357,6.324706060226066,20.916428571428572,1,1
2007,Owyhee,45,511931.9,367785.0,2007,82.44711691788137,97.78333333333333,34.026666666666664,1.5656435643564357,6.324706060226066,20.916428571428572,1,1
2007,Payette,6,362.0,163.0,2007,82.44711691788137,97.78333333333333,34.026666666666664,1.5656435643564357,6.324706060226066,20.916428571428572,1,0
2007,Power,11,17863.1,9473.0,2007,82.44711691788137,97.78333333333333,34.026666666666664,1.5656435643564357,6.324706060226066,20.916428571428572,1,1
2007,Shoshone,0,51.86,25.0,2007,82.44711691788137,97.78333333333333,34.026666666666664,1.5656435643564357,6.324706060226066,20.916428571428572,0,0
2007,Teton,1,4.0,4.0,2007,82.44711691788137,97.78333333333333,34.026666666666664,1.5656435643564357,6.324706060226066,20.916428571428572,1,0
2007,Twin Falls,20,3353.7,1358.0,2007,82.44711691788137,97.78333333333333,34.026666666666664,1.5656435643564357,6.324706060226066,20.916428571428572,1,1
2007,Valley,0,94.35,80.0,2007,82.44711691788137,97.78333333333333,34.026666666666664,1.5656435643564357,6.324706060226066,20.916428571428572,0,0
2007,Washington,4,11222.0,10238.0,2007,82.44711691788137,97.78333333333333,34.026666666666664,1.5656435643564357,6.324706060226066,20.916428571428572,1,1
2008,Ada,13,540.5,472.0,2008,79.09590771929,94.73489932885906,29.969798657718123,1.941295681063123,8.27937738368033,21.49076923076923,1,0
2008,Adams,1,2.05,0.6,2008,79.09590771929,94.73489932885906,29.969798657718123,1.941295681063123,8.27937738368033,21.49076923076923,1,0
2008,Bannock,10,308.9,264.0,2008,79.09590771929,94.73489932885906,29.969798657718123,1.941295681063123,8.27937738368033,21.49076923076923,1,0
2008,Benewah,1,386.63,180.0,2008,79.09590771929,94.73489932885906,29.969798657718123,1.941295681063123,8.27937738368033,21.49076923076923,1,0
2008,Bingham,4,1446.9,845.7,2008,79.09590771929,94.73489932885906,29.969798657718123,1.941295681063123,8.27937738368033,21.49076923076923,1,1
2008,Blaine,6,17149.0,14869.0,2008,79.09590771929,94.73489932885906,29.969798657718123,1.941295681063123,8.27937738368033,21.49076923076923,1,1
2008,Boise,3,24.9,18.0,2008,79.09590771929,94.73489932885906,29.969798657718123,1.941295681063123,8.27937738368033,21.49076923076923,1,0
2008,Bonner,1,25.22,9.0,2008,79.09590771929,94.73489932885906,29.969798657718123,1.941295681063123,8.27937738368033,21.49076923076923,1,0
2008,Bonneville,4,1006.4,986.6,2008,79.09590771929,94.73489932885906,29.969798657718123,1.941295681063123,8.27937738368033,21.49076923076923,1,1
2008,Boundary,0,16.1,7.5,2008,79.09590771929,94.73489932885906,29.969798657718123,1.941295681063123,8.27937738368033,21.49076923076923,0,0
2008,Butte,18,1428.0,1419.0,2008,79.09590771929,94.73489932885906,29.969798657718123,1.941295681063123,8.27937738368033,21.49076923076923,1,1
2008,Camas,2,0.2,0.1,2008,79.09590771929,94.73489932885906,29.969798657718123,1.941295681063123,8.27937738368033,21.49076923076923,1,0
2008,Canyon,1,0.1,0.1,2008,79.09590771929,94.73489932885906,29.969798657718123,1.941295681063123,8.27937738368033,21.49076923076923,1,0
2008,Caribou,1,632.0,632.0,2008,79.09590771929,94.73489932885906,29.969798657718123,1.941295681063123,8.27937738368033,21.49076923076923,1,0
2008,Cassia,11,653.4,500.0,2008,79.09590771929,94.73489932885906,29.969798657718123,1.941295681063123,8.27937738368033,21.49076923076923,1,0
2008,Clark,1,1.1,1.1,2008,79.09590771929,94.73489932885906,29.969798657718123,1.941295681063123,8.27937738368033,21.49076923076923,1,0
2008,Clearwater,0,99.5,90.0,2008,79.09590771929,94.73489932885906,29.969798657718123,1.941295681063123,8.27937738368033,21.49076923076923,0,0
2008,Custer,5,1.3,0.5,2008,79.09590771929,94.73489932885906,29.969798657718123,1.941295681063123,8.27937738368033,21.49076923076923,1,0
2008,Elmore,24,3422.9,2493.0,2008,79.09590771929,94.73489932885906,29.969798657718123,1.941295681063123,8.27937738368033,21.49076923076923,1,1
2008,Franklin,2,2.1,2.0,2008,79.09590771929,94.73489932885906,29.969798657718123,1.941295681063123,8.27937738368033,21.49076923076923,1,0
2008,Gem,5,58.099999999999994,49.0,2008,79.09590771929,94.73489932885906,29.969798657718123,1.941295681063123,8.27937738368033,21.49076923076923,1,0
2008,Gooding,13,6131.2,3847.0,2008,79.09590771929,94.73489932885906,29.969798657718123,1.941295681063123,8.27937738368033,21.49076923076923,1,1
2008,Idaho,1,3063.71,2967.0,2008,79.09590771929,94.73489932885906,29.969798657718123,1.941295681063123,8.27937738368033,21.49076923076923,1,1
2008,Jefferson,3,36.2,34.2,2008,79.09590771929,94.73489932885906,29.969798657718123,1.941295681063123,8.27937738368033,21.49076923076923,1,0
2008,Jerome,14,857.8000000000001,449.0,2008,79.09590771929,94.73489932885906,29.969798657718123,1.941295681063123,8.27937738368033,21.49076923076923,1,0
2008,Kootenai,0,8.65,2.4,2008,79.09590771929,94.73489932885906,29.969798657718123,1.941295681063123,8.27937738368033,21.49076923076923,0,0
2008,Latah,0,85.1,40.0,2008,79.09590771929,94.73489932885906,29.969798657718123,1.941295681063123,8.27937738368033,21.49076923076923,0,0
2008,Lemhi,3,4.1,3.0,2008,79.09590771929,94.73489932885906,29.969798657718123,1.941295681063123,8.27937738368033,21.49076923076923,1,0
2008,Lincoln,10,855.7,674.0,2008,79.09590771929,94.73489932885906,29.969798657718123,1.941295681063123,8.27937738368033,21.49076923076923,1,0
2008,Minidoka,4,31872.2,31616.2,2008,79.09590771929,94.73489932885906,29.969798657718123,1.941295681063123,8.27937738368033,21.49076923076923,1,1
2008,Nez Perce,0,150.25,150.0,2008,79.09590771929,94.73489932885906,29.969798657718123,1.941295681063123,8.27937738368033,21.49076923076923,0,0
2008,Oneida,4,2.4,1.5,2008,79.09590771929,94.73489932885906,29.969798657718123,1.941295681063123,8.27937738368033,21.49076923076923,1,0
2008,Owyhee,18,2002.5,1279.0,2008,79.09590771929,94.73489932885906,29.969798657718123,1.941295681063123,8.27937738368033,21.49076923076923,1,1
2008,Payette,1,110.0,110.0,2008,79.09590771929,94.73489932885906,29.969798657718123,1.941295681063123,8.27937738368033,21.49076923076923,1,0
2008,Power,1,7831.0,7831.0,2008,79.09590771929,94.73489932885906,29.969798657718123,1.941295681063123,8.27937738368033,21.49076923076923,1,1
2008,Shoshone,1,5.96,1.5,2008,79.09590771929,94.73489932885906,29.969798657718123,1.941295681063123,8.27937738368033,21.49076923076923,1,0
2008,Twin Falls,16,9517.7,6773.0,2008,79.09590771929,94.73489932885906,29.969798657718123,1.941295681063123,8.27937738368033,21.49076923076923,1,1
2008,Valley,0,3.25,0.6,2008,79.09590771929,94.73489932885906,29.969798657718123,1.941295681063123,8.27937738368033,21.49076923076923,0,0
2008,Washington,1,14.0,14.0,2008,79.09590771929,94.73489932885906,29.969798657718123,1.941295681063123,8.27937738368033,21.49076923076923,1,0
2009,Ada,86,457.6,293.0,2009,76.97564893547042,93.89795918367346,33.76190476190476,3.849281767955801,5.966241519177397,19.996153846153845,1,0
2009,Adams,4,0.4,0.1,2009,76.97564893547042,93.89795918367346,33.76190476190476,3.849281767955801,5.966241519177397,19.996153846153845,1,0
2009,Bannock,14,2.8,1.0,2009,76.97564893547042,93.89795918367346,33.76190476190476,3.849281767955801,5.966241519177397,19.996153846153845,1,0
2009,Bear Lake,1,247.0,247.0,2009,76.97564893547042,93.89795918367346,33.76190476190476,3.849281767955801,5.966241519177397,19.996153846153845,1,0
2009,Benewah,18,39.1,35.0,2009,76.97564893547042,93.89795918367346,33.76190476190476,3.849281767955801,5.966241519177397,19.996153846153845,1,0
2009,Bingham,5,21.200000000000003,18.8,2009,76.97564893547042,93.89795918367346,33.76190476190476,3.849281767955801,5.966241519177397,19.996153846153845,1,0
2009,Blaine,5,45.9,29.0,2009,76.97564893547042,93.89795918367346,33.76190476190476,3.849281767955801,5.966241519177397,19.996153846153845,1,0
2009,Boise,15,7.65,5.0,2009,76.97564893547042,93.89795918367346,33.76190476190476,3.849281767955801,5.966241519177397,19.996153846153845,1,0
2009,Bonner,71,24.43,4.0,2009,76.97564893547042,93.89795918367346,33.76190476190476,3.849281767955801,5.966241519177397,19.996153846153845,1,0
2009,Bonneville,2,5.3,5.2,2009,76.97564893547042,93.89795918367346,33.76190476190476,3.849281767955801,5.966241519177397,19.996153846153845,1,0
2009,Boundary,24,7.8,3.0,2009,76.97564893547042,93.89795918367346,33.76190476190476,3.849281767955801,5.966241519177397,19.996153846153845,1,0
2009,Butte,2,0.2,0.1,2009,76.97564893547042,93.89795918367346,33.76190476190476,3.849281767955801,5.966241519177397,19.996153846153845,1,0
2009,Camas,2,6.2,5.9,2009,76.97564893547042,93.89795918367346,33.76190476190476,3.849281767955801,5.966241519177397,19.996153846153845,1,0
2009,Canyon,2,0.2,0.1,2009,76.97564893547042,93.89795918367346,33.76190476190476,3.849281767955801,5.966241519177397,19.996153846153845,1,0
2009,Caribou,3,288.1,147.0,2009,76.97564893547042,93.89795918367346,33.76190476190476,3.849281767955801,5.966241519177397,19.996153846153845,1,0
2009,Cassia,27,1081.7,372.0,2009,76.97564893547042,93.89795918367346,33.76190476190476,3.849281767955801,5.966241519177397,19.996153846153845,1,1
2009,Clark,1,155.0,155.0,2009,76.97564893547042,93.89795918367346,33.76190476190476,3.849281767955801,5.966241519177397,19.996153846153845,1,0
2009,Clearwater,33,6.96,1.3,2009,76.97564893547042,93.89795918367346,33.76190476190476,3.849281767955801,5.966241519177397,19.996153846153845,1,0
2009,Custer,2,1.3,0.8,2009,76.97564893547042,93.89795918367346,33.76190476190476,3.849281767955801,5.966241519177397,19.996153846153845,1,0
2009,Elmore,21,854.2,436.0,2009,76.97564893547042,93.89795918367346,33.76190476190476,3.849281767955801,5.966241519177397,19.996153846153845,1,0
2009,Gem,5,1280.6,1262.0,2009,76.97564893547042,93.89795918367346,33.76190476190476,3.849281767955801,5.966241519177397,19.996153846153845,1,1
2009,Gooding,5,1140.8,1104.0,2009,76.97564893547042,93.89795918367346,33.76190476190476,3.849281767955801,5.966241519177397,19.996153846153845,1,1
2009,Idaho,21,20.55,10.0,2009,76.97564893547042,93.89795918367346,33.76190476190476,3.849281767955801,5.966241519177397,19.996153846153845,1,0
2009,Jefferson,1,0.1,0.1,2009,76.97564893547042,93.89795918367346,33.76190476190476,3.849281767955801,5.966241519177397,19.996153846153845,1,0
2009,Jerome,6,259.5,191.0,2009,76.97564893547042,93.89795918367346,33.76190476190476,3.849281767955801,5.966241519177397,19.996153846153845,1,0
2009,Kootenai,27,66.7,51.0,2009,76.97564893547042,93.89795918367346,33.76190476190476,3.849281767955801,5.966241519177397,19.996153846153845,1,0
2009,Latah,7,3.71,2.0,2009,76.97564893547042,93.89795918367346,33.76190476190476,3.849281767955801,5.966241519177397,19.996153846153845,1,0
2009,Lemhi,3,2.5,1.0,2009,76.97564893547042,93.89795918367346,33.76190476190476,3.849281767955801,5.966241519177397,19.996153846153845,1,0
2009,Lewis,4,1.3,1.0,2009,76.97564893547042,93.89795918367346,33.76190476190476,3.849281767955801,5.966241519177397,19.996153846153845,1,0
2009,Lincoln,14,4211.1,3026.0,2009,76.97564893547042,93.89795918367346,33.76190476190476,3.849281767955801,5.966241519177397,19.996153846153845,1,1
2009,Madison,2,0.4,0.3,2009,76.97564893547042,93.89795918367346,33.76190476190476,3.849281767955801,5.966241519177397,19.996153846153845,1,0
2009,Minidoka,5,1293.3,1252.0,2009,76.97564893547042,93.89795918367346,33.76190476190476,3.849281767955801,5.966241519177397,19.996153846153845,1,1
2009,Nez Perce,5,18.4,15.0,2009,76.97564893547042,93.89795918367346,33.76190476190476,3.849281767955801,5.966241519177397,19.996153846153845,1,0
2009,Oneida,5,199.6,189.0,2009,76.97564893547042,93.89795918367346,33.76190476190476,3.849281767955801,5.966241519177397,19.996153846153845,1,0
2009,Owyhee,19,656.9,377.0,2009,76.97564893547042,93.89795918367346,33.76190476190476,3.849281767955801,5.966241519177397,19.996153846153845,1,0
2009,Payette,4,572.9,505.0,2009,76.97564893547042,93.89795918367346,33.76190476190476,3.849281767955801,5.966241519177397,19.996153846153845,1,0
2009,Power,1,0.3,0.3,2009,76.97564893547042,93.89795918367346,33.76190476190476,3.849281767955801,5.966241519177397,19.996153846153845,1,0
2009,Shoshone,30,66.97,40.0,2009,76.97564893547042,93.89795918367346,33.76190476190476,3.849281767955801,5.966241519177397,19.996153846153845,1,0
2009,Teton,1,0.1,0.1,2009,76.97564893547042,93.89795918367346,33.76190476190476,3.849281767955801,5.966241519177397,19.996153846153845,1,0
2009,Valley,30,5.45,0.5,2009,76.97564893547042,93.89795918367346,33.76190476190476,3.849281767955801,5.966241519177397,19.996153846153845,1,0
2009,Washington,1,422.0,422.0,2009,76.97564893547042,93.89795918367346,33.76190476190476,3.849281767955801,5.966241519177397,19.996153846153845,1,0
2010,Ada,69,7136.6,4675.0,2010,76.05709977605326,92.5,31.15753424657534,3.350402144772118,13.150661032807772,22.891111111111112,1,1
2010,Adams,0,0.5,0.2,2010,76.05709977605326,92.5,31.15753424657534,3.350402144772118,13.150661032807772,22.891111111111112,0,0
2010,Bannock,10,8.5,2.7,2010,76.05709977605326,92.5,31.15753424657534,3.350402144772118,13.150661032807772,22.891111111111112,1,0
2010,Benewah,0,0.71,0.25,2010,76.05709977605326,92.5,31.15753424657534,3.350402144772118,13.150661032807772,22.891111111111112,0,0
2010,Bingham,10,14448.3,14058.0,2010,76.05709977605326,92.5,31.15753424657534,3.350402144772118,13.150661032807772,22.891111111111112,1,1
2010,Blaine,10,7497.3,7261.0,2010,76.05709977605326,92.5,31.15753424657534,3.350402144772118,13.150661032807772,22.891111111111112,1,1
2010,Boise,4,1345.1,887.0,2010,76.05709977605326,92.5,31.15753424657534,3.350402144772118,13.150661032807772,22.891111111111112,1,1
2010,Bonner,0,13.52,6.8,2010,76.05709977605326,92.5,31.15753424657534,3.350402144772118,13.150661032807772,22.891111111111112,0,0
2010,Bonneville,5,1865.2,1782.0,2010,76.05709977605326,92.5,31.15753424657534,3.350402144772118,13.150661032807772,22.891111111111112,1,1
2010,Boundary,0,12.25,3.5,2010,76.05709977605326,92.5,31.15753424657534,3.350402144772118,13.150661032807772,22.891111111111112,0,0
2010,Butte,5,109176.0,108855.0,2010,76.05709977605326,92.5,31.15753424657534,3.350402144772118,13.150661032807772,22.891111111111112,1,1
2010,Camas,1,140.0,140.0,2010,76.05709977605326,92.5,31.15753424657534,3.350402144772118,13.150661032807772,22.891111111111112,1,0
2010,Canyon,2,1.5,1.0,2010,76.05709977605326,92.5,31.15753424657534,3.350402144772118,13.150661032807772,22.891111111111112,1,0
2010,Caribou,1,0.1,0.1,2010,76.05709977605326,92.5,31.15753424657534,3.350402144772118,13.150661032807772,22.891111111111112,1,0
2010,Cassia,15,10646.0,4388.0,2010,76.05709977605326,92.5,31.15753424657534,3.350402144772118,13.150661032807772,22.891111111111112,1,1
2010,Clark,1,1.2,1.2,2010,76.05709977605326,92.5,31.15753424657534,3.350402144772118,13.150661032807772,22.891111111111112,1,0
2010,Clearwater,0,41.58,23.0,2010,76.05709977605326,92.5,31.15753424657534,3.350402144772118,13.150661032807772,22.891111111111112,0,0
2010,Custer,4,3.2,2.0,2010,76.05709977605326,92.5,31.15753424657534,3.350402144772118,13.150661032807772,22.891111111111112,1,0
2010,Elmore,179,326563.1,306113.0,2010,76.05709977605326,92.5,31.15753424657534,3.350402144772118,13.150661032807772,22.891111111111112,1,1
2010,Franklin,2,2.2,2.0,2010,76.05709977605326,92.5,31.15753424657534,3.350402144772118,13.150661032807772,22.891111111111112,1,0
2010,Fremont,3,329.0,173.0,2010,76.05709977605326,92.5,31.15753424657534,3.350402144772118,13.150661032807772,22.891111111111112,1,0
2010,Gem,6,28.0,22.0,2010,76.05709977605326,92.5,31.15753424657534,3.350402144772118,13.150661032807772,22.891111111111112,1,0
2010,Gooding,9,6046.4,2981.0,2010,76.05709977605326,92.5,31.15753424657534,3.350402144772118,13.150661032807772,22.891111111111112,1,1
2010,Idaho,1,1199.3100000000002,1066.4,2010,76.05709977605326,92.5,31.15753424657534,3.350402144772118,13.150661032807772,22.891111111111112,1,1
2010,Jefferson,3,34.6,31.0,2010,76.05709977605326,92.5,31.15753424657534,3.350402144772118,13.150661032807772,22.891111111111112,1,0
2010,Jerome,9,109.4,51.0,2010,76.05709977605326,92.5,31.15753424657534,3.350402144772118,13.150661032807772,22.891111111111112,1,0
2010,Kootenai,0,2.1,0.5,2010,76.05709977605326,92.5,31.15753424657534,3.350402144772118,13.150661032807772,22.891111111111112,0,0
2010,Latah,1,13.98,6.0,2010,76.05709977605326,92.5,31.15753424657534,3.350402144772118,13.150661032807772,22.891111111111112,1,0
2010,Lemhi,2,0.2,0.1,2010,76.05709977605326,92.5,31.15753424657534,3.350402144772118,13.150661032807772,22.891111111111112,1,0
2010,Lewis,0,23.95,12.0,2010,76.05709977605326,92.5,31.15753424657534,3.350402144772118,13.150661032807772,22.891111111111112,0,0
2010,Lincoln,8,7972.8,5559.0,2010,76.05709977605326,92.5,31.15753424657534,3.350402144772118,13.150661032807772,22.891111111111112,1,1
2010,Minidoka,3,293.0,187.0,2010,76.05709977605326,92.5,31.15753424657534,3.350402144772118,13.150661032807772,22.891111111111112,1,0
2010,Nez Perce,1,580.54,572.99,2010,76.05709977605326,92.5,31.15753424657534,3.350402144772118,13.150661032807772,22.891111111111112,1,0
2010,Oneida,3,0.9,0.5,2010,76.05709977605326,92.5,31.15753424657534,3.350402144772118,13.150661032807772,22.891111111111112,1,0
2010,Owyhee,39,79487.7,29508.0,2010,76.05709977605326,92.5,31.15753424657534,3.350402144772118,13.150661032807772,22.891111111111112,1,1
2010,Payette,2,29.0,28.0,2010,76.05709977605326,92.5,31.15753424657534,3.350402144772118,13.150661032807772,22.891111111111112,1,0
2010,Power,6,24968.6,12474.0,2010,76.05709977605326,92.5,31.15753424657534,3.350402144772118,13.150661032807772,22.891111111111112,1,1
2010,Shoshone,0,10.45,7.2,2010,76.05709977605326,92.5,31.15753424657534,3.350402144772118,13.150661032807772,22.891111111111112,0,0
2010,Twin Falls,14,18950.0,13745.0,2010,76.05709977605326,92.5,31.15753424657534,3.350402144772118,13.150661032807772,22.891111111111112,1,1
2010,Valley,0,5.4,2.3,2010,76.05709977605326,92.5,31.15753424657534,3.350402144772118,13.150661032807772,22.891111111111112,0,0
2013,Ada,115,5695.400000000001,1064.0,2013,81.34889152828535,95.67669172932331,32.7593984962406,2.127363896848138,4.318490826702034,8.533,1,1
2013,Adams,4,5.05,4.2,2013,81.34889152828535,95.67669172932331,32.7593984962406,2.127363896848138,4.318490826702034,8.533,1,0
2013,Bannock,11,1318.7,925.0,2013,81.34889152828535,95.67669172932331,32.7593984962406,2.127363896848138,4.318490826702034,8.533,1,1
2013,Bear Lake,2,2.1,2.0,2013,81.34889152828535,95.67669172932331,32.7593984962406,2.127363896848138,4.318490826702034,8.533,1,0
2013,Benewah,16,3.36,0.71,2013,81.34889152828535,95.67669172932331,32.7593984962406,2.127363896848138,4.318490826702034,8.533,1,0
2013,Bingham,6,154.9,89.0,2013,81.34889152828535,95.67669172932331,32.7593984962406,2.127363896848138,4.318490826702034,8.533,1,0
2013,Blaine,10,111635.9,111497.0,2013,81.34889152828535,95.67669172932331,32.7593984962406,2.127363896848138,4.318490826702034,8.533,1,1
2013,Boise,17,5.1000000000000005,2.7,2013,81.34889152828535,95.67669172932331,32.7593984962406,2.127363896848138,4.318490826702034,8.533,1,0
2013,Bonner,29,7.4,2.0,2013,81.34889152828535,95.67669172932331,32.7593984962406,2.127363896848138,4.318490826702034,8.533,1,0
2013,Bonneville,5,305.5,225.0,2013,81.34889152828535,95.67669172932331,32.7593984962406,2.127363896848138,4.318490826702034,8.533,1,0
2013,Boundary,14,13.2,11.0,2013,81.34889152828535,95.67669172932331,32.7593984962406,2.127363896848138,4.318490826702034,8.533,1,0
2013,Butte,4,32.6,31.0,2013,81.34889152828535,95.67669172932331,32.7593984962406,2.127363896848138,4.318490826702034,8.533,1,0
2013,Camas,5,30532.4,23389.0,2013,81.34889152828535,95.67669172932331,32.7593984962406,2.127363896848138,4.318490826702034,8.533,1,1
2013,Canyon,1,0.3,0.3,2013,81.34889152828535,95.67669172932331,32.7593984962406,2.127363896848138,4.318490826702034,8.533,1,0
2013,Caribou,5,1148.4,1142.0,2013,81.34889152828535,95.67669172932331,32.7593984962406,2.127363896848138,4.318490826702034,8.533,1,1
2013,Cassia,9,1509.9,746.0,2013,81.34889152828535,95.67669172932331,32.7593984962406,2.127363896848138,4.318490826702034,8.533,1,1
2013,Clark,1,0.1,0.1,2013,81.34889152828535,95.67669172932331,32.7593984962406,2.127363896848138,4.318490826702034,8.533,1,0
2013,Clearwater,65,1341.64,1100.0,2013,81.34889152828535,95.67669172932331,32.7593984962406,2.127363896848138,4.318490826702034,8.533,1,1
2013,Custer,2,0.2,0.1,2013,81.34889152828535,95.67669172932331,32.7593984962406,2.127363896848138,4.318490826702034,8.533,1,0
2013,Elmore,52,159466.3,135231.0,2013,81.34889152828535,95.67669172932331,32.7593984962406,2.127363896848138,4.318490826702034,8.533,1,1
2013,Gem,11,223.86,148.0,2013,81.34889152828535,95.67669172932331,32.7593984962406,2.127363896848138,4.318490826702034,8.533,1,0
2013,Gooding,21,8548.6,3462.0,2013,81.34889152828535,95.67669172932331,32.7593984962406,2.127363896848138,4.318490826702034,8.533,1,1
2013,Idaho,28,911.67,388.0,2013,81.34889152828535,95.67669172932331,32.7593984962406,2.127363896848138,4.318490826702034,8.533,1,0
2013,Jefferson,1,2.4,2.4,2013,81.34889152828535,95.67669172932331,32.7593984962406,2.127363896848138,4.318490826702034,8.533,1,0
2013,Jerome,14,14360.4,9499.0,2013,81.34889152828535,95.67669172932331,32.7593984962406,2.127363896848138,4.318490826702034,8.533,1,1
2013,Kootenai,23,92.0,48.0,2013,81.34889152828535,95.67669172932331,32.7593984962406,2.127363896848138,4.318490826702034,8.533,1,0
2013,Latah,10,3.85,1.0,2013,81.34889152828535,95.67669172932331,32.7593984962406,2.127363896848138,4.318490826702034,8.533,1,0
2013,Lemhi,5,71.7,68.0,2013,81.34889152828535,95.67669172932331,32.7593984962406,2.127363896848138,4.318490826702034,8.533,1,0
2013,Lewis,10,10.45,8.0,2013,81.34889152828535,95.67669172932331,32.7593984962406,2.127363896848138,4.318490826702034,8.533,1,0
2013,Lincoln,22,26494.2,14404.0,2013,81.34889152828535,95.67669172932331,32.7593984962406,2.127363896848138,4.318490826702034,8.533,1,1
2013,Madison,2,58.2,50.3,2013,81.34889152828535,95.67669172932331,32.7593984962406,2.127363896848138,4.318490826702034,8.533,1,0
2013,Minidoka,1,0.1,0.1,2013,81.34889152828535,95.67669172932331,32.7593984962406,2.127363896848138,4.318490826702034,8.533,1,0
2013,Nez Perce,7,732.7,350.0,2013,81.34889152828535,95.67669172932331,32.7593984962406,2.127363896848138,4.318490826702034,8.533,1,0
2013,Oneida,7,15.0,10.0,2013,81.34889152828535,95.67669172932331,32.7593984962406,2.127363896848138,4.318490826702034,8.533,1,0
2013,Owyhee,47,33973.7,5681.0,2013,81.34889152828535,95.67669172932331,32.7593984962406,2.127363896848138,4.318490826702034,8.533,1,1
2013,Payette,3,192.1,187.0,2013,81.34889152828535,95.67669172932331,32.7593984962406,2.127363896848138,4.318490826702034,8.533,1,0
2013,Power,4,13.9,11.8,2013,81.34889152828535,95.67669172932331,32.7593984962406,2.127363896848138,4.318490826702034,8.533,1,0
2013,Shoshone,14,4.01,0.7,2013,81.34889152828535,95.67669172932331,32.7593984962406,2.127363896848138,4.318490826702034,8.533,1,0
2013,Twin Falls,14,6943.0,3028.0,2013,81.34889152828535,95.67669172932331,32.7593984962406,2.127363896848138,4.318490826702034,8.533,1,1
2013,Valley,30,12.33,6.0,2013,81.34889152828535,95.67669172932331,32.7593984962406,2.127363896848138,4.318490826702034,8.533,1,0
2013,Washington,3,57.5,53.0,2013,81.34889152828535,95.67669172932331,32.7593984962406,2.127363896848138,4.318490826702034,8.533,1,0
2014,Ada,167,643.5,186.0,2014,77.76235570226495,93.69961977186311,32.836501901140686,3.1108933717579252,5.0062236333460595,10.148421052631578,1,0
2014,Adams,45,131.09,44.0,2014,77.76235570226495,93.69961977186311,32.836501901140686,3.1108933717579252,5.0062236333460595,10.148421052631578,1,0
2014,Bannock,10,397.5,381.0,2014,77.76235570226495,93.69961977186311,32.836501901140686,3.1108933717579252,5.0062236333460595,10.148421052631578,1,0
2014,Bear Lake,18,4.7,3.0,2014,77.76235570226495,93.69961977186311,32.836501901140686,3.1108933717579252,5.0062236333460595,10.148421052631578,1,0
2014,Benewah,11,5.6499999999999995,2.4,2014,77.76235570226495,93.69961977186311,32.836501901140686,3.1108933717579252,5.0062236333460595,10.148421052631578,1,0
2014,Bingham,9,246.8,116.0,2014,77.76235570226495,93.69961977186311,32.836501901140686,3.1108933717579252,5.0062236333460595,10.148421052631578,1,0
2014,Blaine,14,742.5500000000001,728.0,2014,77.76235570226495,93.69961977186311,32.836501901140686,3.1108933717579252,5.0062236333460595,10.148421052631578,1,0
2014,Boise,87,10446.5,8690.0,2014,77.76235570226495,93.69961977186311,32.836501901140686,3.1108933717579252,5.0062236333460595,10.148421052631578,1,1
2014,Bonner,25,67.39999999999999,58.5,2014,77.76235570226495,93.69961977186311,32.836501901140686,3.1108933717579252,5.0062236333460595,10.148421052631578,1,0
2014,Bonneville,13,448.1,189.0,2014,77.76235570226495,93.69961977186311,32.836501901140686,3.1108933717579252,5.0062236333460595,10.148421052631578,1,0
2014,Boundary,21,6.3,1.8,2014,77.76235570226495,93.69961977186311,32.836501901140686,3.1108933717579252,5.0062236333460595,10.148421052631578,1,0
2014,Butte,4,0.4,0.1,2014,77.76235570226495,93.69961977186311,32.836501901140686,3.1108933717579252,5.0062236333460595,10.148421052631578,1,0
2014,Camas,4,1.31,0.89,2014,77.76235570226495,93.69961977186311,32.836501901140686,3.1108933717579252,5.0062236333460595,10.148421052631578,1,0
2014,Canyon,3,1222.1,1206.0,2014,77.76235570226495,93.69961977186311,32.836501901140686,3.1108933717579252,5.0062236333460595,10.148421052631578,1,1
2014,Caribou,2,66.1,66.0,2014,77.76235570226495,93.69961977186311,32.836501901140686,3.1108933717579252,5.0062236333460595,10.148421052631578,1,0
2014,Cassia,12,1343.7,1198.0,2014,77.76235570226495,93.69961977186311,32.836501901140686,3.1108933717579252,5.0062236333460595,10.148421052631578,1,1
2014,Clark,1,17.0,17.0,2014,77.76235570226495,93.69961977186311,32.836501901140686,3.1108933717579252,5.0062236333460595,10.148421052631578,1,0
2014,Clearwater,84,206.28,156.0,2014,77.76235570226495,93.69961977186311,32.836501901140686,3.1108933717579252,5.0062236333460595,10.148421052631578,1,0
2014,Custer,17,467.9500000000001,384.0,2014,77.76235570226495,93.69961977186311,32.836501901140686,3.1108933717579252,5.0062236333460595,10.148421052631578,1,0
2014,Elmore,21,3676.75,3073.0,2014,77.76235570226495,93.69961977186311,32.836501901140686,3.1108933717579252,5.0062236333460595,10.148421052631578,1,1
2014,Fremont,2,0.2,0.1,2014,77.76235570226495,93.69961977186311,32.836501901140686,3.1108933717579252,5.0062236333460595,10.148421052631578,1,0
2014,Gem,13,965.12,724.0,2014,77.76235570226495,93.69961977186311,32.836501901140686,3.1108933717579252,5.0062236333460595,10.148421052631578,1,0
2014,Gooding,1,3.0,3.0,2014,77.76235570226495,93.69961977186311,32.836501901140686,3.1108933717579252,5.0062236333460595,10.148421052631578,1,0
2014,Idaho,216,53752.78,16278.0,2014,77.76235570226495,93.69961977186311,32.836501901140686,3.1108933717579252,5.0062236333460595,10.148421052631578,1,1
2014,Jefferson,1,2.7,2.7,2014,77.76235570226495,93.69961977186311,32.836501901140686,3.1108933717579252,5.0062236333460595,10.148421052631578,1,0
2014,Jerome,8,59.7,39.0,2014,77.76235570226495,93.69961977186311,32.836501901140686,3.1108933717579252,5.0062236333460595,10.148421052631578,1,0
2014,Kootenai,36,208.8,121.0,2014,77.76235570226495,93.69961977186311,32.836501901140686,3.1108933717579252,5.0062236333460595,10.148421052631578,1,0
2014,Latah,21,12.15,5.0,2014,77.76235570226495,93.69961977186311,32.836501901140686,3.1108933717579252,5.0062236333460595,10.148421052631578,1,0
2014,Lemhi,33,521.39,470.0,2014,77.76235570226495,93.69961977186311,32.836501901140686,3.1108933717579252,5.0062236333460595,10.148421052631578,1,0
2014,Lewis,3,5.9,5.0,2014,77.76235570226495,93.69961977186311,32.836501901140686,3.1108933717579252,5.0062236333460595,10.148421052631578,1,0
2014,Lincoln,17,42927.6,33867.0,2014,77.76235570226495,93.69961977186311,32.836501901140686,3.1108933717579252,5.0062236333460595,10.148421052631578,1,1
2014,Madison,1,8.0,8.0,2014,77.76235570226495,93.69961977186311,32.836501901140686,3.1108933717579252,5.0062236333460595,10.148421052631578,1,0
2014,Nez Perce,6,65224.34,65200.0,2014,77.76235570226495,93.69961977186311,32.836501901140686,3.1108933717579252,5.0062236333460595,10.148421052631578,1,1
2014,Oneida,6,329.5,324.0,2014,77.76235570226495,93.69961977186311,32.836501901140686,3.1108933717579252,5.0062236333460595,10.148421052631578,1,0
2014,Owyhee,20,749.6,274.0,2014,77.76235570226495,93.69961977186311,32.836501901140686,3.1108933717579252,5.0062236333460595,10.148421052631578,1,0
2014,Payette,3,9.6,8.0,2014,77.76235570226495,93.69961977186311,32.836501901140686,3.1108933717579252,5.0062236333460595,10.148421052631578,1,0
2014,Power,2,91.4,87.4,2014,77.76235570226495,93.69961977186311,32.836501901140686,3.1108933717579252,5.0062236333460595,10.148421052631578,1,0
2014,Shoshone,71,461.22,131.0,2014,77.76235570226495,93.69961977186311,32.836501901140686,3.1108933717579252,5.0062236333460595,10.148421052631578,1,0
2014,Teton,4,0.4,0.1,2014,77.76235570226495,93.69961977186311,32.836501901140686,3.1108933717579252,5.0062236333460595,10.148421052631578,1,0
2014,Twin Falls,11,730.9,354.0,2014,77.76235570226495,93.69961977186311,32.836501901140686,3.1108933717579252,5.0062236333460595,10.148421052631578,1,0
2014,Valley,102,235.37,92.0,2014,77.76235570226495,93.69961977186311,32.836501901140686,3.1108933717579252,5.0062236333460595,10.148421052631578,1,0
2014,Washington,15,348.52,286.0,2014,77.76235570226495,93.69961977186311,32.836501901140686,3.1108933717579252,5.0062236333460595,10.148421052631578,1,0
2015,Ada,46,231.3,70.0,2015,80.50354209001985,97.0754716981132,36.052830188679245,1.970195530726257,4.861438938866976,10.321428571428571,1,0
2015,Adams,8,19.69,9.3,2015,80.50354209001985,97.0754716981132,36.052830188679245,1.970195530726257,4.861438938866976,10.321428571428571,1,0
2015,Bannock,3,0.5,0.3,2015,80.50354209001985,97.0754716981132,36.052830188679245,1.970195530726257,4.861438938866976,10.321428571428571,1,0
2015,Bear Lake,2,110.0,83.0,2015,80.50354209001985,97.0754716981132,36.052830188679245,1.970195530726257,4.861438938866976,10.321428571428571,1,0
2015,Benewah,12,74.3,34.0,2015,80.50354209001985,97.0754716981132,36.052830188679245,1.970195530726257,4.861438938866976,10.321428571428571,1,0
2015,Bingham,3,4.5,2.0,2015,80.50354209001985,97.0754716981132,36.052830188679245,1.970195530726257,4.861438938866976,10.321428571428571,1,0
2015,Blaine,10,4771.8,4759.0,2015,80.50354209001985,97.0754716981132,36.052830188679245,1.970195530726257,4.861438938866976,10.321428571428571,1,1
2015,Boise,16,6282.67,5963.0,2015,80.50354209001985,97.0754716981132,36.052830188679245,1.970195530726257,4.861438938866976,10.321428571428571,1,1
2015,Bonner,49,115.52,50.0,2015,80.50354209001985,97.0754716981132,36.052830188679245,1.970195530726257,4.861438938866976,10.321428571428571,1,0
2015,Bonneville,2,3.6,2.2,2015,80.50354209001985,97.0754716981132,36.052830188679245,1.970195530726257,4.861438938866976,10.321428571428571,1,0
2015,Boundary,22,36.21,24.5,2015,80.50354209001985,97.0754716981132,36.052830188679245,1.970195530726257,4.861438938866976,10.321428571428571,1,0
2015,Butte,2,4.1,4.0,2015,80.50354209001985,97.0754716981132,36.052830188679245,1.970195530726257,4.861438938866976,10.321428571428571,1,0
2015,Camas,2,125.5,125.3,2015,80.50354209001985,97.0754716981132,36.052830188679245,1.970195530726257,4.861438938866976,10.321428571428571,1,0
2015,Canyon,3,58.2,58.0,2015,80.50354209001985,97.0754716981132,36.052830188679245,1.970195530726257,4.861438938866976,10.321428571428571,1,0
2015,Caribou,4,60.8,40.0,2015,80.50354209001985,97.0754716981132,36.052830188679245,1.970195530726257,4.861438938866976,10.321428571428571,1,0
2015,Cassia,13,3.4,1.4,2015,80.50354209001985,97.0754716981132,36.052830188679245,1.970195530726257,4.861438938866976,10.321428571428571,1,0
2015,Clark,2,148.3,148.0,2015,80.50354209001985,97.0754716981132,36.052830188679245,1.970195530726257,4.861438938866976,10.321428571428571,1,0
2015,Clearwater,40,6212.32,6200.0,2015,80.50354209001985,97.0754716981132,36.052830188679245,1.970195530726257,4.861438938866976,10.321428571428571,1,1
2015,Custer,1,5.0,5.0,2015,80.50354209001985,97.0754716981132,36.052830188679245,1.970195530726257,4.861438938866976,10.321428571428571,1,0
2015,Elmore,22,3855.2,1494.0,2015,80.50354209001985,97.0754716981132,36.052830188679245,1.970195530726257,4.861438938866976,10.321428571428571,1,1
2015,Fremont,1,452.0,452.0,2015,80.50354209001985,97.0754716981132,36.052830188679245,1.970195530726257,4.861438938866976,10.321428571428571,1,0
2015,Gem,7,10942.5,10845.0,2015,80.50354209001985,97.0754716981132,36.052830188679245,1.970195530726257,4.861438938866976,10.321428571428571,1,1
2015,Gooding,2,12.1,12.0,2015,80.50354209001985,97.0754716981132,36.052830188679245,1.970195530726257,4.861438938866976,10.321428571428571,1,0
2015,Idaho,27,56330.0,41195.0,2015,80.50354209001985,97.0754716981132,36.052830188679245,1.970195530726257,4.861438938866976,10.321428571428571,1,1
2015,Jefferson,1,1.6,1.6,2015,80.50354209001985,97.0754716981132,36.052830188679245,1.970195530726257,4.861438938866976,10.321428571428571,1,0
2015,Jerome,4,3.3,1.9,2015,80.50354209001985,97.0754716981132,36.052830188679245,1.970195530726257,4.861438938866976,10.321428571428571,1,0
2015,Kootenai,30,255.4,135.0,2015,80.50354209001985,97.0754716981132,36.052830188679245,1.970195530726257,4.861438938866976,10.321428571428571,1,0
2015,Latah,7,895.7,850.0,2015,80.50354209001985,97.0754716981132,36.052830188679245,1.970195530726257,4.861438938866976,10.321428571428571,1,0
2015,Lemhi,5,1.6,0.8,2015,80.50354209001985,97.0754716981132,36.052830188679245,1.970195530726257,4.861438938866976,10.321428571428571,1,0
2015,Lewis,2,3971.0,3913.0,2015,80.50354209001985,97.0754716981132,36.052830188679245,1.970195530726257,4.861438938866976,10.321428571428571,1,1
2015,Lincoln,8,4949.8,2437.0,2015,80.50354209001985,97.0754716981132,36.052830188679245,1.970195530726257,4.861438938866976,10.321428571428571,1,1
2015,Madison,2,2.8000000000000003,2.7,2015,80.50354209001985,97.0754716981132,36.052830188679245,1.970195530726257,4.861438938866976,10.321428571428571,1,0
2015,Nez Perce,1,2.0,2.0,2015,80.50354209001985,97.0754716981132,36.052830188679245,1.970195530726257,4.861438938866976,10.321428571428571,1,0
2015,Oneida,5,11.4,9.7,2015,80.50354209001985,97.0754716981132,36.052830188679245,1.970195530726257,4.861438938866976,10.321428571428571,1,0
2015,Owyhee,33,297094.7,283180.0,2015,80.50354209001985,97.0754716981132,36.052830188679245,1.970195530726257,4.861438938866976,10.321428571428571,1,1
2015,Payette,4,333.6,318.0,2015,80.50354209001985,97.0754716981132,36.052830188679245,1.970195530726257,4.861438938866976,10.321428571428571,1,0
2015,Power,2,15.2,15.0,2015,80.50354209001985,97.0754716981132,36.052830188679245,1.970195530726257,4.861438938866976,10.321428571428571,1,0
2015,Shoshone,15,2289.0,1522.7,2015,80.50354209001985,97.0754716981132,36.052830188679245,1.970195530726257,4.861438938866976,10.321428571428571,1,1
2015,Twin Falls,6,68.1,33.0,2015,80.50354209001985,97.0754716981132,36.052830188679245,1.970195530726257,4.861438938866976,10.321428571428571,1,0
2015,Valley,14,23.049999999999997,11.5,2015,80.50354209001985,97.0754716981132,36.052830188679245,1.970195530726257,4.861438938866976,10.321428571428571,1,0
2015,Washington,4,4596.0,2056.0,2015,80.50354209001985,97.0754716981132,36.052830188679245,1.970195530726257,4.861438938866976,10.321428571428571,1,1
