STATION,NAME,LATITUDE,LONGITUDE,ELEVATION,YEAR,avg_temp_f,max_temp_f,min_temp_f,total_precip_in,min_precip_day,avg_wind,max_wind,total_snow
US1IDAD0002,"BOISE 5.3 NW, ID US",43.6695,-116.2653,799.2,2015,,,,2.02,0.0,,,0.0
US1IDAD0004,"BOISE 8.8 NNW, ID US",43.726397,-116.25683,868.4,2015,,,,0.43000000000000005,0.0,,,0.0
US1IDAD0005,"BOISE 4.4 WNW, ID US",43.623078,-116.296346,816.3,2015,,,,1.66,0.0,,,0.0
US1IDAD0007,"KUNA 1.5 SSE, ID US",43.47043,-116.40368,835.8,2015,,,,0.32,0.0,,,0.0
US1IDAD0008,"BOISE 4.9 NNW, ID US",43.6684,-116.2465,882.4,2015,,,,1.55,0.0,,,0.0
US1IDAD0009,"BOISE 2.1 NNE, ID US",43.632278,-116.2045,827.8,2015,,,,2.73,0.0,,,0.0
US1IDAD0011,"BOISE 6.1 SW, ID US",43.5695,-116.3248,824.5,2015,,,,1.3900000000000001,0.0,,,0.0
US1IDAD0014,"BOISE 5.2 NW, ID US",43.66395,-116.250745,808.3,2015,,,,1.57,0.0,,,0.0
US1IDAD0019,"BOISE 3.9 SE, ID US",43.572733,-116.164733,840.0,2015,,,,1.56,0.0,,,0.0
US1IDAD0020,"BOISE 4.8 ESE, ID US",43.5772,-116.1565,834.2,2015,,,,0.56,0.0,,,0.0
US1IDAD0021,"BOISE CITY 6.1 SE, ID US",43.54835,-116.133747,903.7,2015,,,,1.3,0.0,,,0.0
US1IDAD0027,"MERIDIAN 3.9 SE, ID US",43.565025,-116.355514,816.6,2015,,,,0.47000000000000003,0.0,,,0.0
US1IDAM0002,"MCCALL 3.6 WNW, ID US",44.934533,-116.175347,1556.0,2015,,,,1.98,0.0,,,0.0
US1IDBD0001,"BONNERS FERRY 3.5 SSE, ID US",48.644456,-116.287675,687.3,2015,,,,1.93,0.0,,,0.0
US1IDBD0005,"NAPLES 0.4 NW, ID US",48.575062,-116.398477,610.8,2015,,,,2.6500000000000004,0.0,,,0.0
US1IDBD0006,"BONNERS FERRY 2.8 NNW, ID US",48.7310333251953,-116.331321716309,694.6,2015,,,,1.54,0.0,,,0.0
US1IDBK0001,"CHUBBUCK 0.5 WSW, ID US",42.919784,-112.473524,1366.1,2015,,,,2.71,0.0,,,0.0
US1IDBK0009,"POCATELLO 3.3 NE, ID US",42.905056,-112.415575,1470.4,2015,,,,2.8,0.0,,,0.0
US1IDBK0010,"POCATELLO 2.9 E, ID US",42.8707733154297,-112.412551879883,1480.7,2015,,,,0.48000000000000004,0.0,,,0.0
US1IDBK0011,"POCATELLO 1.9 E, ID US",42.878146,-112.413024,1499.9,2015,,,,3.12,0.0,,,0.0
US1IDBK0012,"CHUBBUCK 0.6 SE, ID US",42.9161,-112.457108,1365.2,2015,,,,1.6,0.0,,,0.0
US1IDBL0001,"MONTPELIER 0.6 NNE, ID US",42.3319769,-111.2978528,1816.9,2015,,,,2.38,0.0,,,0.0
US1IDBN0003,"BELLEVUE 0.3 SSE, ID US",43.462591,-114.255351,1582.2,2015,,,,2.25,0.0,,,0.0
US1IDBR0002,"CLARK FORK 3.5 SE, ID US",48.106199,-116.132413,670.6,2015,,,,1.57,0.0,,,0.0
US1IDBR0003,"SAGLE 1.8 NNE, ID US",48.23575,-116.5447,682.8,2015,,,,1.73,0.0,,,0.0
US1IDBR0014,"SAGLE 6.2 WSW, ID US",48.18561,-116.67794,716.0,2015,,,,1.0899999999999999,0.0,,,0.0
US1IDBR0015,"PRIEST RIVER 11.6 SSE, ID US",48.0324,-116.8062,657.5,2015,,,,2.08,0.0,,,0.0
US1IDBR0017,"PRIEST RIVER 8.6 SE, ID US",48.093786,-116.782155,667.8,2015,,,,1.25,0.0,,,0.0
US1IDBR0018,"COOLIN 3.0 NNE, ID US",48.5230904,-116.8223959,755.3,2015,,,,0.9400000000000001,0.0,,,0.0
US1IDBR0019,"DOVER 0.4 SW, ID US",48.2495,-116.605,630.9,2015,,,,1.25,0.0,,,0.0
US1IDBR0022,"HOPE 9.7 NNE, ID US",48.3844,-116.2577667,1011.9,2015,,,,2.75,0.0,,,0.0
US1IDBR0024,"CLARK FORK 2.7 N, ID US",48.186476,-116.166626,695.9,2015,,,,2.2399999999999998,0.0,,,0.0
US1IDBR0025,"OLDTOWN 6.0 S, ID US",48.095573,-117.04068,697.1,2015,,,,0.81,0.0,,,0.0
US1IDBS0001,"BOISE 12.5 ENE, ID US",43.6524047,-115.972948,1039.1,2015,,,,1.52,0.0,,,0.0
US1IDBS0004,"GARDEN VALLEY 2.7 NW, ID US",44.117,-115.99,1047.0,2015,,,,1.78,0.0,,,0.0
US1IDBS0006,"LOWMAN 9.6 ENE, ID US",44.113819,-115.43058,1316.1,2015,,,,3.06,0.0,,,0.0
US1IDBV0006,"IDAHO FALLS 11.7 NE, ID US",43.617649,-111.884038,1487.4,2015,,,,2.68,0.0,,,0.0
US1IDBV0008,"IDAHO FALLS 2.0 S, ID US",43.463593,-112.036363,1435.3,2015,,,,0.02,0.0,,,0.0
US1IDBW0002,"ST. MARIES 7.4 WNW, ID US",47.3647464707,-116.710604143,662.0,2015,,,,1.04,0.0,,,0.0
US1IDBW0003,"ST. MARIES 2.8 S, ID US",47.275,-116.577,766.9,2015,,,,3.32,0.0,,,0.0
US1IDCR0001,"SODA SPRINGS 1.3 WSW, ID US",42.651038,-111.609135,1759.6,2015,,,,4.33,0.0,,,0.0
US1IDCR0002,"GRACE 5.6 SSE, ID US",42.5037879943848,-111.680473327637,1675.2,2015,,,,3.88,0.0,,,0.0
US1IDCT0001,"CHALLIS 10.3 S, ID US",44.361542,-114.263852,1588.6,2015,,,,2.34,0.0,,,0.0
US1IDCW0005,"OROFINO 7.8 ESE, ID US",46.442438,-116.107201,806.5,2015,,,,2.41,0.0,,,0.0
US1IDCW0006,"OROFINO 3.8 WNW, ID US",46.499655,-116.335457,311.5,2015,,,,1.65,0.0,,,0.0
US1IDCW0007,"OROFINO 0.7 ESE, ID US",46.485649,-116.24316,335.9,2015,,,,0.0,0.0,,,0.0
US1IDCY0001,"NAMPA 2.8 E, ID US",43.57675,-116.5088,776.9,2015,,,,0.8400000000000001,0.01,,,0.0
US1IDCY0012,"MIDDLETON 0.7 ENE, ID US",43.712911,-116.613,734.3,2015,,,,0.83,0.0,,,0.0
US1IDCY0013,"CALDWELL 5.3 NNW, ID US",43.729685,-116.714626,740.4,2015,,,,1.59,0.0,,,0.0
US1IDCY0014,"CALDWELL 6.2 NNW, ID US",43.73701,-116.732651,749.8,2015,,,,0.75,0.0,,,0.0
US1IDCY0015,"NAMPA 4.8 NNW, ID US",43.6453119,-116.593965,744.9,2015,,,,1.02,0.0,,,0.0
US1IDCY0016,"CALDWELL 1.8 W, ID US",43.654724,-116.710983,724.2,2015,,,,0.43000000000000005,0.0,,,0.0
US1IDCY0017,"NAMPA 3.1 SSE, ID US",43.538654,-116.539955,769.6,2015,,,,1.03,0.0,,,0.0
US1IDEL0001,"GLENNS FERRY 1.6 N, ID US",42.97662,-115.302166,805.3,2015,,,,0.9,0.0,,,0.0
US1IDFK0001,"PRESTON 0.8 SE, ID US",42.088959,-111.863684,1435.9,2015,,,,2.2800000000000002,0.0,,,0.0
US1IDFM0002,"ASHTON 1.4 E, ID US",44.07387,-111.420587,1612.1,2015,,,,1.01,0.0,,,0.0
US1IDGD0001,"HAGERMAN 1.1 ENE, ID US",42.823424,-114.87741,906.8,2015,,,,0.8,0.0,,,0.0
US1IDID0001,"GRANGEVILLE 0.4 SW, ID US",45.921712,-116.126472,1057.4,2015,,,,3.91,0.0,,,0.0
US1IDID0005,"KAMIAH 6.0 NNW, ID US",46.311811,-116.055339,961.9,2015,,,,2.88,0.0,,,0.0
US1IDID0006,"LUCILE 1.2 NNE, ID US",45.55187,-116.30278,503.2,2015,,,,1.35,0.0,,,0.0
US1IDKT0001,"SPIRIT LAKE 3.6 E, ID US",47.959743,-116.793874,775.4,2015,,,,2.03,0.0,,,0.0
US1IDKT0003,"ATHOL 1.5 ENE, ID US",47.949311,-116.675653,749.5,2015,,,,1.99,0.0,,,0.0
US1IDKT0005,"RATHDRUM 1.4 SSW, ID US",47.79336,-116.90231,673.0,2015,,,,0.5800000000000001,0.0,,,0.0
US1IDKT0006,"COEUR D ALENE 3.6 NW, ID US",47.7440985,-116.8365407,697.1,2015,,,,0.0,0.0,,,0.0
US1IDKT0008,"COEUR D ALENE 2.5 WNW, ID US",47.70838,-116.83667,679.7,2015,,,,2.2,0.0,,,0.0
US1IDKT0012,"COEUR D ALENE 6.6 SSW, ID US",47.61805,-116.861931,769.9,2015,,,,0.8900000000000001,0.0,,,0.0
US1IDKT0014,"HAYDEN LAKE 1.4 NNE, ID US",47.783713,-116.738588,735.2,2015,,,,0.0,0.0,,,0.0
US1IDKT0018,"COEUR D ALENE 3.2 NNW, ID US",47.7427,-116.798883,695.6,2015,,,,3.32,0.3,,,0.0
US1IDKT0019,"HAYDEN 5.8 NNE, ID US",47.8325462341309,-116.72566986084,834.2,2015,,,,3.2800000000000002,0.0,,,0.0
US1IDKT0021,"HAYDEN 1.1 NNW, ID US",47.7746,-116.7996,705.9,2015,,,,4.27,0.0,,,0.0
US1IDKT0022,"COEUR D ALENE 4.0 SE, ID US",47.663,-116.715,880.3,2015,,,,0.62,0.0,,,0.0
US1IDLM0001,"SALMON 0.2 NNW, ID US",45.181082,-113.899464,1211.3,2015,,,,1.73,0.0,,,0.0
US1IDLT0001,"MOSCOW 1.7 N, ID US",46.7544,-117.0005,823.0,2015,,,,0.86,0.0,,,0.0
US1IDLT0003,"MOSCOW 1.3 SW, ID US",46.71676,-117.015274,803.1,2015,,,,0.15000000000000002,0.02,,,0.0
US1IDLT0007,"MOSCOW 1.1 E, ID US",46.728762,-116.972908,802.8,2015,,,,0.6699999999999999,0.0,,,0.0
US1IDLT0010,"GENESEE 0.5 WNW, ID US",46.554,-116.938,837.9,2015,,,,0.51,0.1,,,0.0
US1IDLW0002,"NEZPERCE 0.2 WNW, ID US",46.235032,-116.24292,983.0,2015,,,,3.73,0.0,,,0.0
US1IDMD0001,"REXBURG 0.7 W, ID US",43.827032,-111.801181,1481.3,2015,,,,2.41,0.0,,,0.0
US1IDNP0001,"JULIAETTA 4.1 SSE, ID US",46.5203,-116.6743,287.4,2015,,,,1.98,0.0,,,0.0
US1IDNP0005,"LAPWAI 4.1 SSW, ID US",46.348201,-116.827179,398.1,2015,,,,1.96,0.01,,,0.0
US1IDON0001,"HOLBROOK 4.0 NNE, ID US",42.218,-112.636,1492.6,2015,,,,3.3,0.0,,,0.0
US1IDPW0001,"AMERICAN FALLS 8.2 W, ID US",42.791421,-113.015103,1394.2,2015,,,,2.18,0.0,,,0.0
US1IDPW0003,"POCATELLO 9.0 WNW, ID US",42.923843,-112.634129,1348.7,2015,,,,1.52,0.0,,,0.0
US1IDPW0004,"AMERICAN FALLS 3.6 ESE, ID US",42.76525,-112.78567,1416.7,2015,,,,1.5699999999999998,0.0,,,0.0
US1IDSH0001,"KELLOGG 0.6 ENE, ID US",47.541241,-116.122028,700.4,2015,,,,1.6400000000000001,0.0,,,0.0
US1IDSH0002,"AVERY 0.1 S, ID US",47.2497,-115.805,760.2,2015,,,,1.55,0.0,,,0.0
US1IDTF0001,"TWIN FALLS 4.9 WSW, ID US",42.54298,-114.55245,1175.3,2015,,,,0.93,0.0,,,0.0
US1IDTF0003,"BUHL 2.9 NNW, ID US",42.638,-114.783,994.3,2015,,,,1.2,0.0,,,0.0
US1IDTF0004,"FILER 0.9 W, ID US",42.56861,-114.6275,1149.7,2015,,,,0.87,0.0,,,0.0
US1IDTF0005,"BUHL 4.2 SE, ID US",42.54921,-114.7124,1222.2,2015,,,,0.81,0.0,,,0.0
US1IDTF0006,"FILER 3.6 SW, ID US",42.53926,-114.66716,1219.8,2015,,,,1.5,0.0,,,0.0
US1IDVL0001,"MCCALL 9.3 SSE, ID US",44.784871,-116.047486,1493.5,2015,,,,2.0300000000000002,0.0,,,0.0
USC00100010,"ABERDEEN EXPERIMENT STATION, ID US",42.9536,-112.8253,1342.6,2015,83.46739130434783,100.0,35.0,2.0,0.0,,,0.0
USC00100218,"AMERICAN FALLS, ID US",42.79866,-112.80359,1344.2,2015,86.46739130434783,99.0,42.0,1.58,0.0,,,0.0
USC00100375,"ARCO, ID US",43.6356,-113.29978,1623.1,2015,82.77173913043478,97.0,41.0,1.81,0.0,,,0.0
USC00100470,"ASHTON 1 N, ID US",44.0707,-111.4565,1588.6,2015,81.1304347826087,97.0,35.0,2.0900000000000003,0.0,,,0.0
USC00100667,"BAYVIEW MODEL BASIN, ID US",47.9804,-116.5594,636.1,2015,81.33707865168539,98.0,37.0,1.96,0.0,,,0.0
USC00100774,"BELLEVUE, ID US",43.4669,-114.2577,1582.5,2015,82.93478260869566,99.0,39.0,2.37,0.0,,,0.0
USC00100803,"BERN, ID US",42.33532,-111.38544,1817.8,2015,82.25,97.0,30.0,3.08,0.0,,,0.0
USC00100915,"BLACKFOOT FIRE DEPARTMENT, ID US",43.19172,-112.34522,1371.3,2015,84.61538461538461,101.0,41.0,1.73,0.0,,,0.0
USC00101017,"BOISE 7 N, ID US",43.7383,-116.2022,1184.1,2015,85.16304347826087,104.0,43.0,1.76,0.0,,,0.0
USC00101018,"BOISE LUCKY PEAK DAM, ID US",43.5253,-116.0542,865.6,2015,90.58695652173913,110.0,46.0,1.27,0.0,,,0.0
USC00101079,"BONNERS FERRY, ID US",48.6928,-116.3104,609.9,2015,85.50549450549451,105.0,42.0,2.23,0.0,,,0.0
USC00101363,"CABINET GORGE, ID US",48.0863,-116.0573,662.3,2015,82.66304347826087,98.0,40.0,2.56,0.0,,,0.0
USC00101408,"CAMBRIDGE, ID US",44.5734,-116.6754,807.7,2015,94.77173913043478,112.0,40.0,0.99,0.0,,,0.0
USC00101514,"CASCADE 1 NW, ID US",44.5228,-116.0481,1492.3,2015,80.96739130434783,98.0,36.0,4.03,0.0,,,0.0
USC00101551,"CASTLEFORD 2 N, ID US",42.5503,-114.8661,1165.9,2015,84.48936170212765,96.0,40.0,1.06,0.0,,,0.0
USC00101671,"CHILLY BARTON FLAT, ID US",43.97775,-113.82913,1908.0,2015,78.75,93.0,37.0,2.64,0.0,,,0.0
USC00101831,"CLARKIA, ID US",47.0112,-116.2559,860.1,2015,,,,1.15,0.0,,,0.0
USC00101956,"COEUR D ALENE, ID US",47.6821,-116.7967,650.1,2015,85.73417721518987,102.0,44.0,1.4100000000000001,0.0,,,0.0
USC00102159,"COTTONWOOD 2 WSW, ID US",46.0336,-116.3919,1202.4,2015,81.8913043478261,100.0,45.0,3.17,0.0,,,0.0
USC00102187,"COUNCIL, ID US",44.7441,-116.4326,897.0,2015,89.64285714285714,104.0,42.0,0.09,0.0,,,0.0
USC00102260,"CRATERS OF THE MOON, ID US",43.46239,-113.56018,1802.6,2015,83.46067415730337,100.0,36.0,1.74,0.0,,,0.0
USC00102392,"DEADWOOD LODGE, ID US",44.4622,-115.5817,1813.0,2015,79.02,93.0,30.0,3.09,0.0,,,0.0
USC00102577,"DIXIE NORTH, ID US",45.5697,-115.4527,1749.6,2015,75.94318181818181,94.0,27.0,3.5300000000000002,0.0,,,0.0
USC00102667,"DOWNEY, ID US",42.4261,-112.1253,1482.9,2015,85.29347826086956,100.0,41.0,3.81,0.0,,,0.0
USC00102676,"DRIGGS, ID US",43.77909,-111.11116,1879.1,2015,75.35164835164835,89.0,33.0,4.88,0.0,,,0.0
USC00102707,"DUBOIS EXPERIMENT STATION, ID US",44.24364,-112.20033,1661.2,2015,83.96739130434783,97.0,41.0,3.83,0.0,,,0.0
USC00102845,"DWORSHAK FISH HATCHERY, ID US",46.5023,-116.3216,303.3,2015,90.14606741573034,109.0,47.0,1.69,0.0,,,0.0
USC00102892,"ELK RIVER, ID US",46.77439,-116.17623,867.2,2015,88.5,103.0,36.0,0.04,0.0,,,0.0
USC00102942,"EMMETT 2 E, ID US",43.8544,-116.4663,728.5,2015,91.95652173913044,109.0,46.0,1.04,0.0,,,0.0
USC00103108,"FAIRFIELD RANGER STATION, ID US",43.3428,-114.7899,1543.8,2015,82.36781609195403,94.0,35.0,0.91,0.0,,,0.0
USC00103143,"FENN RANGER STATION, ID US",46.09992,-115.54467,469.4,2015,89.45652173913044,110.0,43.0,2.86,0.0,,,0.0
USC00103297,"FORT HALL 1 NNE, ID US",43.03315,-112.43245,1357.6,2015,83.91304347826087,100.0,36.0,1.18,0.0,,,0.0
USC00103448,"GARDEN VALLEY, ID US",44.1011,-115.9694,944.9,2015,88.56818181818181,106.0,36.0,2.25,0.0,,,0.0
USC00103631,"GLENNS FERRY, ID US",42.9404,-115.323,751.6,2015,93.38461538461539,114.0,41.0,0.62,0.0,,,0.0
USC00103732,"GRACE, ID US",42.56306,-111.75944,1684.9,2015,80.98795180722891,97.0,33.0,4.12,0.0,,,0.0
USC00103932,"HAGERMAN 2 SW, ID US",42.8114,-114.9239,883.0,2015,90.07608695652173,105.0,43.0,0.84,0.0,,,0.0
USC00103964,"HAMER 4 NW, ID US",43.9663,-112.2641,1460.0,2015,86.73913043478261,99.0,33.0,2.71,0.0,,,0.0
USC00104140,"HAZELTON, ID US",42.5972,-114.1378,1237.5,2015,86.12903225806451,98.0,42.0,1.24,0.0,,,0.0
USC00104154,"HEADQUARTERS 1 SSE, ID US",46.613,-115.7988,993.6,2015,79.73770491803279,99.0,34.0,2.17,0.0,,,0.0
USC00104318,"HOMEDALE 1 SE, ID US",43.6058,-116.9211,679.7,2015,91.70652173913044,106.0,43.0,0.9299999999999999,0.0,,,0.0
USC00104384,"HOWE, ID US",43.7827,-113.0033,1469.1,2015,84.67032967032966,99.0,37.0,3.83,0.0,,,0.0
USC00104455,"IDAHO FALLS KIFI, ID US",43.514,-112.0126,1445.4,2015,83.41304347826087,98.0,41.0,1.59,0.0,,,0.0
USC00104456,"IDAHO FALLS 16 SE, ID US",43.3455,-111.7847,1776.4,2015,79.83695652173913,93.0,35.0,4.18,0.0,,,0.0
USC00104598,"ISLAND PARK, ID US",44.42032,-111.37099,1917.2,2015,75.47826086956522,90.0,29.0,3.6399999999999997,0.0,,,0.0
USC00104670,"JEROME, ID US",42.7325,-114.5192,1140.0,2015,87.72826086956522,107.0,45.0,0.83,0.0,,,0.0
USC00104793,"KAMIAH, ID US",46.2299,-116.0338,368.8,2015,91.32967032967034,109.0,41.0,2.11,0.0,,,0.0
USC00104831,"KELLOGG, ID US",47.53333,-116.13333,702.6,2015,85.58536585365853,107.0,41.0,1.48,0.0,,,0.0
USC00104845,"KETCHUM RANGER STATION, ID US",43.6841,-114.3602,1795.3,2015,78.29885057471265,94.0,34.0,1.38,0.0,,,0.0
USC00105143,"LAVA HOT SPRINGS, ID US",42.6194,-112.0066,1400.6,2015,84.1413043478261,99.0,37.0,3.5500000000000003,0.0,,,0.0
USC00105177,"LEADORE NUMBER 2, ID US",44.683,-113.3622,1828.8,2015,79.1086956521739,94.0,30.0,2.16,0.0,,,0.0
USC00105275,"LIFTON PUMPING STATION, ID US",42.123,-111.3133,1809.0,2015,78.15217391304348,90.0,38.0,2.2600000000000002,0.0,,,0.0
USC00105462,"MACKAY LOST RIVER RANGER STATION, ID US",43.9178,-113.61517,1797.4,2015,80.55434782608695,96.0,38.0,3.4699999999999998,0.0,,,0.0
USC00105567,"MALTA, ID US",42.3061,-113.3688,1378.0,2015,85.07608695652173,101.0,35.0,3.21,0.0,,,0.0
USC00105678,"MASSACRE ROCKS STATE PARK, ID US",42.668,-112.998,1278.6,2015,87.3804347826087,106.0,40.0,2.06,0.0,,,0.0
USC00105685,"MAY 2 SSE, ID US",44.5663,-113.8952,1539.2,2015,84.47826086956522,100.0,33.0,3.12,0.0,,,0.0
USC00105708,"MCCALL, ID US",44.8871,-116.1046,1531.6,2015,81.16304347826087,98.0,31.0,2.99,0.0,,,0.0
USC00105716,"MCCAMMON, ID US",42.6523,-112.1935,1453.9,2015,83.82022471910112,97.0,38.0,1.36,0.0,,,0.0
USC00105980,"MINIDOKA DAM, ID US",42.6769,-113.5021,1269.2,2015,87.54945054945055,104.0,35.0,0.66,0.0,,,0.0
USC00106080,"MONTEVIEW, ID US",44.03033,-112.56663,1467.6,2015,81.98913043478261,94.0,34.0,3.07,0.0,,,0.0
USC00106152,"MOSCOW U OF I, ID US",46.728,-116.9557,802.8,2015,85.3804347826087,102.0,33.0,0.74,0.0,,,0.0
USC00106230,"MULLAN, ID US",47.4661,-115.8113,975.7,2015,80.98809523809524,102.0,38.0,2.29,0.0,,,0.0
USC00106250,"MURPHY DESERT HOT SPRINGS, ID US",42.0264,-115.3596,1570.3,2015,84.6304347826087,98.0,35.0,2.06,0.0,,,0.0
USC00106388,"NEW MEADOWS RANGER STATION, ID US",44.9714,-116.2933,1177.1,2015,84.6413043478261,101.0,30.0,1.49,0.0,,,0.0
USC00106424,"NEZPERCE, ID US",46.2324,-116.243,990.0,2015,81.27173913043478,100.0,34.0,4.1,0.0,,,0.0
USC00106542,"OAKLEY, ID US",42.23379,-113.89237,1389.6,2015,83.45652173913044,97.0,42.0,3.04,0.0,,,0.0
USC00106877,"PAUL 1 ENE, ID US",42.6118,-113.7628,1264.9,2015,82.8695652173913,96.0,41.0,0.99,0.0,,,0.0
USC00106891,"PAYETTE, ID US",44.0763,-116.9312,655.3,2015,90.6195652173913,104.0,50.0,0.1,0.0,,,0.0
USC00107040,"PICABO, ID US",43.3086,-114.0668,1474.9,2015,84.1413043478261,100.0,33.0,0.66,0.0,,,0.0
USC00107046,"PIERCE, ID US",46.4922,-115.8006,938.8,2015,82.50574712643679,102.0,34.0,3.65,0.0,,,0.0
USC00107188,"PLUMMER 3 WSW, ID US",47.3111,-116.9545,885.4,2015,84.98913043478261,103.0,36.0,1.3,0.0,,,0.0
USC00107208,"POCATELLO 2 NE, ID US",42.8916,-112.4086,1472.8,2015,86.76086956521739,104.0,39.0,3.21,0.0,,,0.0
USC00107210,"POCATELLO CITY, ID US",42.87496,-112.44686,1359.4,2015,86.96703296703296,101.0,43.0,3.02,0.0,,,0.0
USC00107264,"PORTHILL, ID US",48.9994,-116.4991,548.3,2015,83.79710144927536,101.0,40.0,3.01,0.0,,,0.0
USC00107301,"POTLATCH 3 NNE, ID US",46.9603,-116.855,841.2,2015,84.14444444444445,103.0,35.0,0.8,0.0,,,0.0
USC00107346,"PRESTON, ID US",42.0933,-111.8826,1438.4,2015,86.71739130434783,100.0,39.0,2.72,0.0,,,0.0
USC00107357,"PRICHARD 3 ESE, ID US",47.6428,-115.9173,776.3,2015,85.22727272727273,105.0,34.0,4.0200000000000005,0.0,0.23636363636363636,6.04,0.0
USC00107386,"PRIEST RIVER EXPERIMENTAL STATION, ID US",48.3512,-116.8354,722.7,2015,86.17391304347827,103.0,33.0,1.72,0.0,,,0.0
USC00107644,"REXBURG BYU IDAHO, ID US",43.8083,-111.7892,1525.5,2015,81.70652173913044,96.0,35.0,2.05,0.0,,,0.0
USC00107673,"RICHFIELD, ID US",43.0517,-114.155,1313.4,2015,86.15217391304348,103.0,38.0,0.88,0.0,,,0.0
USC00107689,"RIGBY, ID US",43.67603,-111.91241,1480.1,2015,82.30434782608695,96.0,39.0,2.11,0.0,,,0.0
USC00108022,"SAINT ANTHONY, ID US",43.95223,-111.67852,1514.9,2015,81.58695652173913,93.0,35.0,3.77,0.0,,,0.0
USC00108062,"SAINT MARIES, ID US",47.3165,-116.5789,655.6,2015,86.32967032967034,106.0,42.0,3.07,0.0,,,0.0
USC00108080,"SALMON KSRA, ID US",45.17319,-113.88542,1204.9,2015,82.72826086956522,100.0,39.0,1.98,0.0,,,0.0
USC00108137,"SANDPOINT EXPERIMENTAL STATION, ID US",48.2943,-116.5627,648.0,2015,84.0625,102.0,40.0,1.1,0.0,,,0.0
USC00108246,"SELWAY LODGE, ID US",46.0081,-114.8442,786.4,2015,89.1413043478261,108.0,37.0,4.49,0.0,,,0.0
USC00108380,"SHOSHONE 1 WNW, ID US",42.9383,-114.4169,1204.0,2015,86.91111111111111,105.0,37.0,0.47,0.0,,,0.0
USC00108500,"SMALL 6 N, ID US",44.2965,-112.4095,1749.6,2015,79.94565217391305,95.0,35.0,4.07,0.0,,,0.0
USC00108676,"STANLEY, ID US",44.22089,-114.93459,1904.7,2015,77.1413043478261,93.0,25.0,3.27,0.0,,,0.0
USC00108818,"SUGAR CITY, ID US",43.8868,-111.7367,1501.1,2015,82.3586956521739,93.0,32.0,2.21,0.0,,,0.0
USC00108928,"SWAN FALLS PH, ID US",43.2436,-116.3784,708.7,2015,92.67469879518072,109.0,55.0,0.23,0.0,,,0.0
USC00108937,"SWAN VALLEY, ID US",43.4372,-111.2791,1645.0,2015,79.52173913043478,94.0,32.0,7.55,0.0,,,0.0
USC00109065,"TETONIA EXPERIMENT STATION, ID US",43.8563,-111.2769,1880.6,2015,75.91208791208791,89.0,32.0,3.98,0.0,,,0.0
USC00109498,"WALLACE, ID US",47.4754,-115.9313,826.0,2015,83.38271604938272,103.0,39.0,2.23,0.0,,,0.0
USC00109846,"WINCHESTER, ID US",46.2381,-116.6232,1210.7,2015,81.69444444444444,95.0,36.0,0.57,0.0,,,0.0
USC00109950,"YELLOWPINE, ID US",44.9628,-115.496,1539.2,2015,84.8695652173913,104.0,22.0,3.19,0.0,,,0.0
USR0000I3MI,"3 MILE IDAHO, ID US",44.3958,-112.1081,2019.3,2015,75.80434782608695,91.0,34.0,0.0,,,,0.0
USR0000IARC,"ARCO IDAHO, ID US",43.6231,-113.3872,1639.8,2015,83.84782608695652,99.0,36.0,0.0,,,,0.0
USR0000IBEA,"BEARSKIN CREEK IDAHO, ID US",44.385,-115.55,2042.2,2015,71.98809523809524,91.0,-69.0,0.0,,,,0.0
USR0000IBOF,"BONNERS FERRY IDAHO, ID US",48.6756,-116.3361,536.4,2015,83.73913043478261,103.0,38.0,0.0,,,,0.0
USR0000IBON,"BONANZA IDAHO, ID US",44.375,-114.5667,1953.8,2015,78.01086956521739,95.0,30.0,0.0,,,,0.0
USR0000IBRA,"BRACE FLAT IDAHO, ID US",42.3497,-116.69,1493.5,2015,86.69565217391305,103.0,41.0,0.0,,,,0.0
USR0000IBUL,"BULL SPRING IDAHO, ID US",42.08,-114.4847,1737.4,2015,82.92391304347827,98.0,33.0,0.0,,,,0.0
USR0000ICAN,"CANYON CREEK IDAHO, ID US",44.2297,-115.2469,2171.1,2015,64.6304347826087,81.0,34.0,0.0,,,,0.0
USR0000ICHL,"CHALLIS IDAHO, ID US",44.5042,-114.2228,1600.2,2015,83.44565217391305,101.0,40.0,0.0,,,,0.0
USR0000ICOP,"COPPER BASIN IDAHO, ID US",43.8,-113.8333,2383.5,2015,71.48913043478261,86.0,21.0,0.0,,,,0.0
USR0000ICRY,"CRYSTAL IDAHO, ID US",42.99,-113.16,1543.5,2015,84.21739130434783,101.0,40.0,0.0,,,,0.0
USR0000IDEA,"DEAD INDIAN RIDGE IDAHO, ID US",44.3256,-117.1678,1088.1,2015,86.27173913043478,104.0,50.0,0.0,,,,0.0
USR0000IDEN,"DENT IDAHO, ID US",46.6217,-116.2183,518.2,2015,89.98913043478261,106.0,46.0,0.0,,,,0.0
USR0000IDEP,"BULL CANYON IDAHO, ID US",42.3653,-112.7056,1950.7,2015,79.6413043478261,96.0,38.0,0.0,,,,0.0
USR0000IDER,"DEER HAVEN IDAHO, ID US",43.1744,-115.1517,1691.6,2015,80.97826086956522,99.0,47.0,0.0,,,,0.0
USR0000IDIA,"DIAMOND FLAT IDAHO, ID US",42.8667,-111.2167,2286.0,2015,74.08695652173913,88.0,33.0,0.0,,,,0.0
USR0000IEZR,"EZRA CREEK IDAHO, ID US",44.8464,-114.0264,2030.0,2015,76.83695652173913,91.0,37.0,0.0,,,,0.0
USR0000IFEN,"FENN IDAHO, ID US",46.1,-115.5347,463.3,2015,89.8804347826087,111.0,43.0,0.0,,,,0.0
USR0000IFIS,"FISH HOOK IDAHO, ID US",47.1292,-115.875,1432.6,2015,80.77173913043478,99.0,34.0,0.0,,,,0.0
USR0000IFLE,"FLECK SUMMIT IDAHO, ID US",43.6197,-114.8989,1981.2,2015,78.58695652173913,96.0,35.0,0.0,,,,0.0
USR0000IFLI,"FLINT CREEK IDAHO, ID US",42.0792,-112.1833,1585.0,2015,84.76086956521739,99.0,43.0,0.0,,,,0.0
USR0000IGAS,"GAS CAVES IDAHO, ID US",44.1678,-111.7792,1749.6,2015,79.72826086956522,94.0,33.0,0.0,,,,0.0
USR0000IGOO,"GOOSE CREEK IDAHO, ID US",42.095,-113.8958,1725.2,2015,81.6086956521739,96.0,42.0,0.0,,,,0.0
USR0000IGRA,"GRACE IDAHO, ID US",42.5372,-111.8547,1892.8,2015,79.1304347826087,93.0,40.0,0.0,,,,0.0
USR0000IGRL,"DALE BITNER IDAHO, ID US",43.0497,-111.3794,1948.0,2015,76.45652173913044,90.0,26.0,0.0,,,,0.0
USR0000IHPK,"HORTON PEAK IDAHO, ID US",43.9481,-114.7561,2560.3,2015,69.17391304347827,86.0,30.0,0.0,,,,0.0
USR0000IHSB,"HORSE BUTTE IDAHO, ID US",42.4172,-115.2278,1524.0,2015,84.25,99.0,41.0,0.0,,,,0.0
USR0000IIND,"INDIANOLA IDAHO, ID US",45.3833,-114.1667,1066.8,2015,90.27173913043478,108.0,43.0,0.0,,,,0.0
USR0000IISP,"ISLAND PARK IDAHO, ID US",44.4167,-111.3833,1915.4,2015,76.03260869565217,91.0,27.0,0.0,,,,0.0
USR0000IKRI,"KRILEY CREEK IDAHO, ID US",45.3556,-113.8933,1585.0,2015,81.59782608695652,99.0,43.0,0.0,,,,0.0
USR0000ILCR,"LITTLE CREEK IDAHO, ID US",44.5,-114.9,1408.2,2015,86.0,103.0,43.0,0.0,,,,0.0
USR0000ILEA,"LEADORE CREEK IDAHO, ID US",44.7,-113.35,1828.8,2015,78.8804347826087,94.0,34.0,0.0,,,,0.0
USR0000ILIN,"LINES CREEK IDAHO, ID US",47.1083,-116.2278,1560.6,2015,76.56521739130434,97.0,38.0,0.0,,,,0.0
USR0000ILIT,"LITTLE ANDERSON IDAHO, ID US",44.0911,-115.8806,1389.9,2015,85.3695652173913,103.0,43.0,0.0,,,,0.0
USR0000ILOD,"LODGEPOLE IDAHO, ID US",45.3786,-115.1872,1859.3,2015,76.8913043478261,96.0,32.0,0.0,,,,0.0
USR0000IMHO,"MOUNTAIN HOME IDAHO, ID US",43.0283,-115.87,914.4,2015,92.53260869565217,112.0,46.0,0.0,,,,0.0
USR0000IMOD,"MOODY IDAHO, ID US",43.65,-111.5792,2145.8,2015,75.80434782608695,90.0,36.0,0.0,,,,0.0
USR0000IMOL,"MOBURG CANYON IDAHO, ID US",42.0431,-113.1528,1950.7,2015,76.5,91.0,44.0,0.0,,,,0.0
USR0000IMOO,"MOOSE CREEK IDAHO, ID US",46.0697,-114.55,749.8,2015,89.6195652173913,110.0,39.0,0.0,,,,0.0
USR0000INOR,"NORTH FORK IDAHO, ID US",43.7897,-114.4208,1917.2,2015,79.92391304347827,94.0,32.0,0.0,,,,0.0
USR0000INUC,"NUCKOLS IDAHO, ID US",47.5083,-115.9461,1268.0,2015,81.98913043478261,103.0,43.0,0.0,,,,0.0
USR0000IOHI,"OHIO GULCH IDAHO, ID US",43.6008,-114.3158,1895.9,2015,79.09782608695652,94.0,36.0,0.0,,,,0.0
USR0000IPCK,"POLE CREEK IDAHO, ID US",42.0694,-115.7861,1725.2,2015,82.8586956521739,98.0,35.0,0.0,,,,0.0
USR0000IPCN,"POLE CANYON IDAHO, ID US",42.8944,-111.8406,2042.2,2015,74.55434782608695,89.0,40.0,0.0,,,,0.0
USR0000IPCR,"PINE CREEK PASS IDAHO TETON C, ID US",43.54,-111.2008,2206.8,2015,73.3804347826087,88.0,37.0,0.0,,,,0.0
USR0000IPIE,"PIERCE IDAHO, ID US",46.5,-115.8333,940.3,2015,83.91304347826087,104.0,33.0,0.0,,,,0.0
USR0000IPIN,"PINE CREEK IDAHO, ID US",44.25,-116.18,1341.1,2015,81.65217391304348,99.0,43.0,0.0,,,,0.0
USR0000IPIT,"PITTSBURG LANDING IDAHO, ID US",45.6375,-116.4686,350.5,2015,97.75,116.0,52.0,0.0,,,,0.0
USR0000IPOB,"POTTER BUTTE IDAHO, ID US",43.2261,-113.5744,1502.7,2015,85.03260869565217,103.0,36.0,0.0,,,,0.0
USR0000IPOT,"POTLATCH IDAHO, ID US",46.9833,-116.9833,762.0,2015,86.58695652173913,105.0,35.0,0.0,,,,0.0
USR0000IPOW,"POWELL IDAHO, ID US",46.5122,-114.6881,1039.1,2015,85.23913043478261,103.0,33.0,0.0,,,,0.0
USR0000IPRL,"PRIEST LAKE IDAHO, ID US",48.575,-116.9636,792.5,2015,83.20652173913044,103.0,32.0,0.0,,,,0.0
USR0000IRAF,"RAFT RIVER IDAHO, ID US",42.5478,-113.2594,1341.1,2015,86.92391304347827,106.0,33.0,0.0,,,,0.0
USR0000IRED,"RED RIVER IDAHO, ID US",45.7125,-115.3375,1402.1,2015,82.97826086956522,102.0,30.0,0.0,,,,0.0
USR0000IROC,"ROCK LAKE IDAHO, ID US",42.9717,-114.0631,1298.4,2015,87.3804347826087,105.0,41.0,0.0,,,,0.0
USR0000ISAD,"SADDLE PASS IDAHO, ID US",48.9417,-116.7292,1560.6,2015,73.1086956521739,93.0,31.0,0.0,,,,0.0
USR0000ISAL,"SALMON IDAHO, ID US",45.15,-113.9333,1511.8,2015,81.04347826086956,98.0,44.0,0.0,,,,0.0
USR0000ISHO,"SHOCK IDAHO, ID US",46.9833,-116.6333,1127.8,2015,84.30434782608695,104.0,44.0,0.0,,,,0.0
USR0000ISKI,"SKI HILL IDAHO, ID US",44.9436,-116.1878,1676.4,2015,80.45652173913044,100.0,41.0,0.0,,,,0.0
USR0000ISKU,"SKULL GULCH IDAHO, ID US",45.3367,-114.4681,1554.5,2015,80.52173913043478,99.0,41.0,0.0,,,,0.0
USR0000ISLA,"SLATE CREEK IDAHO, ID US",45.6333,-116.2833,477.9,2015,94.40217391304348,113.0,46.0,0.0,,,,0.0
USR0000ISNA,"SNAKE RIVER IDAHO, ID US",45.0997,-116.7369,1249.7,2015,84.84782608695652,105.0,47.0,0.0,,,,0.0
USR0000ISPA,"SHO PAI IDAHO, ID US",42.0181,-116.2128,1630.7,2015,84.1304347826087,101.0,41.0,0.0,,,,0.0
USR0000ISTN,"STANLEY IDAHO, ID US",44.1692,-114.9258,2002.5,2015,76.30434782608695,92.0,27.0,0.0,,,,0.0
USR0000ITEA,"TEA POT IDAHO, ID US",44.9044,-115.7375,1570.3,2015,81.8586956521739,100.0,38.0,0.0,,,,0.0
USR0000ITOW,"TOWN CREEK IDAHO, ID US",43.9333,-115.9167,1371.6,2015,86.29347826086956,105.0,37.0,0.0,,,,0.0
USR0000ITRA,"TRAIL GULCH IDAHO, ID US",42.3161,-114.3031,1828.8,2015,81.02173913043478,96.0,46.0,0.0,,,,0.0
USR0000ITRI,"TRIANGLE IDAHO, ID US",42.8286,-116.5886,1606.3,2015,82.07608695652173,97.0,34.0,0.0,,,,0.0
USR0000ITWI,"TWIN BUTTES IDAHO, ID US",42.6906,-115.1953,1021.1,2015,91.0,108.0,49.0,0.0,,,,0.0
USR0000IWEI,"WEISER RIVER IDAHO, ID US",44.8475,-116.4267,1676.4,2015,86.43478260869566,106.0,48.0,0.0,,,,0.0
USR0000MHHS,"HELLS HALF SADDLE MONTANA, MT US",45.6453,-114.6278,2468.9,2015,67.54347826086956,85.0,32.0,0.0,,,,0.0
USS0011E10S,"ISLAND PARK, ID US",44.42,-111.39,1917.2,2015,77.6086956521739,94.0,30.0,4.9,0.0,,,0.0
USS0011E36S,"WHITE ELEPHANT, ID US",44.53,-111.41,2350.0,2015,68.33695652173913,82.0,33.0,6.5,0.0,,,0.0
USS0011E37S,"CRAB CREEK, ID US",44.44,-111.99,2090.9,2015,72.18478260869566,87.0,32.0,7.1000000000000005,0.0,,,0.0
USS0011F02S,"PINE CREEK PASS, ID US",43.57,-111.21,2048.3,2015,78.1304347826087,94.0,32.0,4.5,0.0,,,0.0
USS0011F11S,"SHEEP MOUNTAIN, ID US",43.21,-111.69,2002.5,2015,75.79347826086956,90.0,35.0,4.1,0.0,,,0.0
USS0011G01S,"SOMSEN RANCH, ID US",42.95,-111.36,2072.6,2015,73.96739130434783,89.0,32.0,5.3,0.0,,,0.0
USS0011G05S,"SLUG CREEK DIVIDE, ID US",42.56,-111.3,2202.2,2015,76.3913043478261,89.0,29.0,5.4,0.0,,,0.0
USS0011G06S,"EMIGRANT SUMMIT, ID US",42.36,-111.56,2252.5,2015,73.06521739130434,87.0,29.0,4.5,0.0,,,0.0
USS0011G30S,"SEDGWICK PEAK, ID US",42.52,-111.96,2392.7,2015,74.26086956521739,89.0,34.0,4.6,0.0,,,0.0
USS0011G32S,"FRANKLIN BASIN, ID US",42.05,-111.6,2490.2,2015,69.96739130434783,84.0,30.0,5.7,0.0,,,0.0
USS0011G33S,"GIVEOUT, ID US",42.41,-111.17,2112.3,2015,74.82608695652173,88.0,26.0,4.8,0.0,,,0.0
USS0012G17S,"WILDHORSE DIVIDE, ID US",42.76,-112.48,1978.2,2015,76.3913043478261,91.0,35.0,3.9,0.0,,,0.0
USS0012G18S,"OXFORD SPRING, ID US",42.26,-112.13,2054.4,2015,78.09782608695652,91.0,40.0,3.2,0.0,,,0.0
USS0013D16S,"MOOSE CREEK, ID US",45.67,-113.95,1889.8,2015,76.67391304347827,93.0,32.0,4.0,0.0,,,0.0
USS0013D22S,"SADDLE MOUNTAIN, MT US",45.69,-113.97,2420.1,2015,69.72826086956522,86.0,33.0,6.2,0.0,,,0.0
USS0013E06S,"MOONSHINE, ID US",44.41,-113.4,2267.7,2015,76.30434782608695,92.0,30.0,4.4,0.0,,,0.0
USS0013E16S,"SCHWARTZ LAKE, ID US",44.85,-113.84,2603.0,2015,67.45652173913044,81.0,33.0,4.6,0.0,,,0.0
USS0013E18S,"MEADOW LAKE, ID US",44.44,-113.32,2788.9,2015,65.33695652173913,81.0,27.0,4.7,0.0,,,0.0
USS0013E27S,"HILTS CREEK, ID US",44.02,-113.47,2438.4,2015,69.40217391304348,83.0,32.0,3.7,0.0,,,0.0
USS0013F03S,"BEAR CANYON, ID US",43.74,-113.94,2407.9,2015,70.6195652173913,85.0,28.0,6.7,0.0,,,0.0
USS0013F04S,"GARFIELD RANGER STATION, ID US",43.61,-113.93,1999.5,2015,76.06521739130434,91.0,29.0,3.2,0.0,,,0.0
USS0013F09S,"SWEDE PEAK, ID US",43.63,-113.97,2328.7,2015,72.95652173913044,88.0,33.0,3.4,0.0,,,0.0
USS0013F13S,"SMILEY MOUNTAIN, ID US",43.73,-113.83,2901.7,2015,65.19565217391305,81.0,26.0,7.9,0.0,1.7391228070175437,2.46,0.0
USS0013G01S,"HOWELL CANYON, ID US",42.32,-113.62,2432.3,2015,69.3586956521739,83.0,35.0,3.6,0.0,,,0.0
USS0014C04S,"SAVAGE PASS, ID US",46.47,-114.63,1880.6,2015,73.32584269662921,92.0,30.0,2.4,0.0,,,0.0
USS0014C05S,"LOLO PASS, ID US",46.63,-114.58,1597.2,2015,76.1304347826087,93.0,31.0,3.1,0.0,,,0.0
USS0014E01S,"MILL CREEK SUMMIT, ID US",44.47,-114.49,2682.2,2015,65.8804347826087,81.0,29.0,4.6000000000000005,0.0,,,0.0
USS0014E04S,"MORGAN CREEK, ID US",44.84,-114.27,2316.5,2015,70.18478260869566,85.0,32.0,4.8,0.0,,,0.0
USS0014F02S,"STICKNEY MILL, ID US",43.86,-114.21,2264.7,2015,74.1195652173913,88.0,27.0,5.3,0.0,,,0.0
USS0014F03S,"LOST WOOD DIVIDE, ID US",43.82,-114.26,2407.9,2015,71.32608695652173,87.0,31.0,6.0,0.0,,,0.0
USS0014F04S,"VIENNA MINE, ID US",43.8,-114.85,2731.0,2015,65.56521739130434,80.0,32.0,4.7,0.0,1.4979347826086957,3.58,0.0
USS0014F08S,"DOLLARHIDE SUMMIT, ID US",43.6,-114.67,2566.4,2015,66.6195652173913,82.0,38.0,4.2,0.0,,,0.0
USS0014F11S,"SOLDIER RANGER STATION, ID US",43.48,-114.83,1749.6,2015,78.81521739130434,93.0,31.0,4.6,0.0,,,0.0
USS0014F12S,"GALENA SUMMIT, ID US",43.87,-114.71,2676.1,2015,68.33695652173913,86.0,29.0,4.3,0.0,,,0.0
USS0014F16S,"HYNDMAN, ID US",43.71,-114.16,2267.7,2015,73.57608695652173,91.0,28.0,5.6,0.0,,,0.0
USS0014F17S,"GALENA, ID US",43.88,-114.67,2276.9,2015,75.20652173913044,92.0,27.0,3.4000000000000004,0.0,,,0.0
USS0014F19S,"CHOCOLATE GULCH, ID US",43.77,-114.42,1962.9,2015,77.92391304347827,93.0,30.0,4.1000000000000005,0.0,,,0.0
USS0014G01S,"BOSTETTER RANGER STATION, ID US",42.16,-114.19,2286.0,2015,73.42391304347827,89.0,36.0,4.0,0.0,,,0.0
USS0014G02S,"MAGIC MOUNTAIN, ID US",42.18,-114.29,2097.0,2015,76.69565217391305,93.0,31.0,3.3,0.0,,,0.0
USS0015B02S,"LOOKOUT, ID US",47.46,-115.71,1566.7,2015,75.20652173913044,96.0,39.0,3.5,0.0,,,0.0
USS0015B09S,"SUNSET, ID US",47.56,-115.82,1688.6,2015,69.3695652173913,89.0,36.0,2.1,0.0,,,0.0
USS0015B14S,"LOST LAKE, ID US",47.07,-115.96,1862.3,2015,70.41304347826087,90.0,36.0,3.1,0.0,,,0.0
USS0015B21S,"HUMBOLDT GULCH, ID US",47.53,-115.78,1295.4,2015,79.40217391304348,100.0,33.0,3.8000000000000003,0.0,,,0.0
USS0015C04S,"SHANGHI SUMMIT, ID US",46.57,-115.74,1392.9,2015,79.3804347826087,98.0,38.0,2.9,0.0,,,0.0
USS0015C05S,"PIERCE RANGER STATION, ID US",46.49,-115.8,938.8,2015,80.83695652173913,102.0,35.0,3.1999999999999997,0.0,,,0.0
USS0015C06S,"HEMLOCK BUTTE, ID US",46.48,-115.63,1770.9,2015,72.3695652173913,90.0,38.0,2.9,0.0,,,0.0
USS0015C09S,"CRATER MEADOWS, ID US",46.56,-115.29,1816.6,2015,72.06521739130434,91.0,29.0,2.9,0.0,,,0.0
USS0015C16S,"COOL CREEK, ID US",46.76,-115.3,1914.1,2015,71.43478260869566,91.0,36.0,3.8,0.0,,,0.0
USS0015D01S,"SECESH SUMMIT, ID US",45.19,-115.97,1987.3,2015,71.29347826086956,90.0,32.0,3.2,0.0,,,0.0
USS0015D06S,"MOUNTAIN MEADOWS, ID US",45.7,-115.23,1938.5,2015,74.25,92.0,24.0,3.8000000000000003,0.0,,,0.0
USS0015E02S,"BIG CREEK SUMMIT, ID US",44.63,-115.79,2005.6,2015,75.52173913043478,96.0,31.0,2.3,0.0,,,0.0
USS0015E04S,"DEADWOOD SUMMIT, ID US",44.54,-115.56,2090.9,2015,74.8913043478261,94.0,27.0,2.9,0.0,,,0.0
USS0015E08S,"COZY COVE, ID US",44.29,-115.66,1639.8,2015,81.22826086956522,99.0,33.0,2.6,0.0,,,0.0
USS0015E09S,"JACKSON PEAK, ID US",44.05,-115.44,2154.9,2015,74.1413043478261,91.0,38.0,3.4,0.0,,,0.0
USS0015E11S,"BANNER SUMMIT, ID US",44.3,-115.23,2145.8,2015,74.68478260869566,92.0,28.0,3.4,0.0,,,0.0
USS0015F01S,"MORES CREEK SUMMIT, ID US",43.93,-115.67,1859.3,2015,75.83695652173913,93.0,34.0,2.3,0.0,,,0.0
USS0015F04S,"ATLANTA SUMMIT, ID US",43.76,-115.24,2310.4,2015,69.1086956521739,86.0,38.0,4.8,0.0,2.8909782608695656,3.8,0.0
USS0015F05S,"TRINITY MOUNTAIN, ID US",43.63,-115.44,2368.3,2015,71.68478260869566,90.0,28.0,3.2,0.0,,,0.0
USS0015F06S,"PRAIRIE, ID US",43.51,-115.57,1463.0,2015,83.25,101.0,36.0,1.1,0.0,,,0.0
USS0015F09S,"CAMAS CREEK DIVIDE, ID US",43.27,-115.35,1740.4,2015,78.15217391304348,97.0,37.0,3.0,0.0,,,0.0
USS0015F14S,"GRAHAM GUARD STA., ID US",43.95,-115.27,1734.3,2015,80.1195652173913,98.0,26.0,2.5,0.0,,,0.0
USS0015G02S,"WILSON CREEK, ID US",42.01,-115.0,2170.2,2015,72.8804347826087,89.0,35.0,8.1,0.0,,,0.0
USS0016A04S,"MOSQUITO RIDGE, ID US",48.06,-116.23,1585.0,2015,72.8913043478261,92.0,36.0,2.1,0.0,,,0.0
USS0016A08S,"BEAR MOUNTAIN, ID US",48.31,-116.07,1645.9,2015,68.3804347826087,86.0,34.0,2.5,0.0,,,0.0
USS0016A10S,"SCHWEITZER BASIN, ID US",48.37,-116.64,1856.2,2015,66.90217391304348,84.0,36.0,2.7,0.0,,,0.0
USS0016A12S,"HIDDEN LAKE, ID US",48.89,-116.76,1536.2,2015,72.91304347826087,94.0,30.0,5.0,0.0,,,0.0
USS0016A14S,"MYRTLE CREEK, ID US",48.72,-116.46,1072.9,2015,76.72826086956522,95.0,42.0,2.1,0.0,3.8394565217391308,5.59,0.0
USS0016B14S,"MICA CREEK, ID US",47.15,-116.27,1374.6,2015,79.26086956521739,101.0,38.0,2.1,0.0,,,0.0
USS0016C01S,"SHERWIN, ID US",46.95,-116.34,975.4,2015,84.8913043478261,104.0,34.0,1.1,0.0,,,0.0
USS0016C02S,"MOSCOW MOUNTAIN, ID US",46.81,-116.85,1432.6,2015,75.28260869565217,94.0,43.0,1.0,0.0,,,0.0
USS0016C20S,"ELK BUTTE, ID US",46.84,-116.12,1734.3,2015,71.6304347826087,90.0,38.0,2.7,0.0,,,0.0
USS0016D08S,"WEST BRANCH, ID US",45.07,-116.45,1694.7,2015,79.02173913043478,98.0,38.0,3.1,0.0,,,0.0
USS0016D09S,"BRUNDAGE RESERVOIR, ID US",45.04,-116.13,1905.0,2015,75.77173913043478,96.0,35.0,4.0,0.0,,,0.0
USS0016E05S,"SQUAW FLAT, ID US",44.77,-116.25,1902.0,2015,81.92391304347827,100.0,30.0,2.3,0.0,,,0.0
USS0016E10S,"BEAR SADDLE, ID US",44.61,-116.98,1883.7,2015,75.1413043478261,94.0,37.0,2.9,0.0,,,0.0
USS0016E11S,"BEAR BASIN, ID US",44.95,-116.14,1630.7,2015,76.76086956521739,96.0,30.0,2.0,0.0,,,0.0
USS0016E14S,"VAN WYCK, ID US",44.38,-116.34,1499.6,2015,81.41304347826087,100.0,45.0,1.1,0.0,2.2690217391304346,4.7,0.0
USS0016E18S,"LONG VALLEY, ID US",44.79,-116.09,1490.5,2015,80.56521739130434,102.0,30.0,1.7,0.0,3.095434782608696,7.38,0.0
USS0016F02S,"BOGUS BASIN, ID US",43.76,-116.1,1932.4,2015,71.56521739130434,90.0,37.0,2.1,0.0,2.757391304347826,4.25,0.0
USS0016F08S,"REYNOLDS CREEK, ID US",43.29,-116.85,1706.9,2015,78.05434782608695,95.0,40.0,2.0,0.0,,,0.0
USS0016G01S,"SOUTH MOUNTAIN, ID US",42.76,-116.9,1981.2,2015,76.6086956521739,92.0,40.0,1.3,0.0,,,0.0
USS0016G07S,"MUD FLAT, ID US",42.6,-116.56,1746.5,2015,80.72826086956522,95.0,40.0,1.8,0.0,,,0.0
USS0017B06S,"RAGGED MOUNTAIN, ID US",47.86,-117.04,1283.2,2015,74.6304347826087,93.0,42.0,1.4,0.0,,,0.0
USW00004109,"LOWELL THREE RIVERS RESORT, ID US",46.14417,-115.59639,451.1,2015,92.94318181818181,110.0,44.0,1.77,0.0,1.9580898876404496,4.25,0.0
USW00004110,"JEROME CO AIRPORT, ID US",42.72735,-114.4547,1226.5,2015,85.83695652173913,103.0,41.0,1.53,0.0,7.687826086956521,16.11,0.0
USW00004112,"STANLEY RANGER STATION, ID US",44.17079,-114.92686,1979.7,2015,77.66304347826087,93.0,28.0,2.75,0.0,4.141195652173913,8.5,0.0
USW00004114,"CHALLIS AIRPORT, ID US",44.523,-114.21612,1534.1,2015,84.24175824175825,100.0,38.0,1.73,0.0,5.195454545454545,10.96,0.0
USW00004126,"ARCO 17 SW, ID US",43.4621,-113.556,1804.4,2015,81.16483516483517,98.0,38.0,1.31,0.0,,,0.0
USW00004127,"MURPHY 10 W, ID US",43.2044,-116.7505,1204.0,2015,86.27173913043478,103.0,41.0,0.8500000000000001,0.0,,,0.0
USW00024106,"MOUNTAIN HOME AFB, ID US",43.05,-115.86667,913.2,2015,91.58888888888889,109.0,47.0,0.88,0.0,9.242967032967034,20.36,0.0
USW00024131,"BOISE AIR TERMINAL, ID US",43.56705,-116.24062,860.5,2015,90.8586956521739,110.0,50.0,1.32,0.0,6.951956521739131,13.42,0.0
USW00024133,"BURLEY MUNICIPAL AIRPORT, ID US",42.54525,-113.7686,1262.9,2015,84.83333333333333,102.0,41.0,1.27,0.0,6.248111111111111,15.88,0.0
USW00024145,"IDAHO FALLS FAA AIRPORT, ID US",43.52044,-112.06753,1442.7,2015,84.3586956521739,101.0,36.0,2.34,0.0,7.763913043478261,18.12,0.0
USW00024149,"LEWISTON AIRPORT, ID US",46.37458,-117.01529,435.8,2015,91.30434782608695,111.0,50.0,1.25,0.0,5.521304347826087,11.63,0.0
USW00024151,"MALAD CITY, ID US",42.18868,-112.24863,1384.7,2015,87.71111111111111,100.0,38.0,5.36,0.0,,,0.0
USW00024156,"POCATELLO REGIONAL AIRPORT, ID US",42.91969,-112.57232,1356.6,2015,86.32608695652173,101.0,36.0,2.2199999999999998,0.0,7.949021739130434,18.12,0.0
USW00094143,"IDAHO FALLS 46 W, ID US",43.53252,-112.94793,1505.1,2015,85.52173913043478,101.0,31.0,1.04,0.0,,,0.0
USW00094178,"TWIN FALLS SUN VALLEY REGIONAL AIRPORT, ID US",42.47849,-114.47744,1269.8,2015,88.27173913043478,102.0,41.0,1.27,0.0,9.696521739130436,18.34,0.0
USW00094182,"MCCALL AIRPORT, ID US",44.89425,-116.09978,1531.1,2015,79.79347826086956,97.0,35.0,2.91,0.0,4.8675,10.29,0.0
USW00094194,"REXBURG MADISON CO AIRPORT, ID US",43.83211,-111.80751,1480.8,2015,82.78260869565217,96.0,37.0,2.24,0.0,6.540652173913044,12.97,0.0
